snp-dists 0.7.0,"NC_038235.1_Human_orthopneumovirus_Subgroup_A,_complete_cds","MW582528.1_|Human_respiratory_syncytial_virus_A_isolate_0594,_complete_genome","OR795349.1_|Human_respiratory_syncytial_virus_A_isolate_hRSV/A/Germany/15-01353/2014,_complete_genome","OR795350.1_|Human_respiratory_syncytial_virus_A_isolate_hRSV/A/Germany/15-01870/2015,_complete_genome","OR795352.1_|Human_respiratory_syncytial_virus_A_isolate_hRSV/A/Germany/16-00842/2015,_complete_genome","OR795353.1_|Human_respiratory_syncytial_virus_A_isolate_hRSV/A/Germany/16-01800/2016,_complete_genome","OR795354.1_|Human_respiratory_syncytial_virus_A_isolate_hRSV/A/Germany/16-02403/2016,_complete_genome","OR795355.1_|Human_respiratory_syncytial_virus_A_isolate_hRSV/A/Germany/17-00876/2016,_complete_genome","OR795356.1_|Human_respiratory_syncytial_virus_A_isolate_hRSV/A/Germany/17-01161/2016,_complete_genome","OR795357.1_|Human_respiratory_syncytial_virus_A_isolate_hRSV/A/Germany/17-01795/2017,_complete_genome","OR795358.1_|Human_respiratory_syncytial_virus_A_isolate_hRSV/A/Germany/17-02326/2017,_complete_genome","OR795359.1_|Human_respiratory_syncytial_virus_A_isolate_hRSV/A/Germany/17-03987/2017,_complete_genome","OR795360.1_|Human_respiratory_syncytial_virus_A_isolate_hRSV/A/Germany/18-00577/2018,_complete_genome","OR795361.1_|Human_respiratory_syncytial_virus_A_isolate_hRSV/A/Germany/18-00988/2017,_complete_genome","OR795362.1_|Human_respiratory_syncytial_virus_A_isolate_hRSV/A/Germany/18-02178/2018,_complete_genome","OR795363.1_|Human_respiratory_syncytial_virus_A_isolate_hRSV/A/Germany/18-03012/2018,_complete_genome","OR795364.1_|Human_respiratory_syncytial_virus_A_isolate_hRSV/A/Germany/18-03723/2018,_complete_genome","OR795365.1_|Human_respiratory_syncytial_virus_A_isolate_hRSV/A/Germany/18-05868/2018,_complete_genome","OR795366.1_|Human_respiratory_syncytial_virus_A_isolate_hRSV/A/Germany/18-05891/2018,_complete_genome","OR795367.1_|Human_respiratory_syncytial_virus_A_isolate_hRSV/A/Germany/18-06034/2018,_complete_genome","OR795368.1_|Human_respiratory_syncytial_virus_A_isolate_hRSV/A/Germany/19-00912/2018,_complete_genome","OR795369.1_|Human_respiratory_syncytial_virus_A_isolate_hRSV/A/Germany/19-01063/2018,_complete_genome","OR795370.1_|Human_respiratory_syncytial_virus_A_isolate_hRSV/A/Germany/19-01162/2018,_complete_genome","OR795371.1_|Human_respiratory_syncytial_virus_A_isolate_hRSV/A/Germany/19-01264/2019,_complete_genome","OR795372.1_|Human_respiratory_syncytial_virus_A_isolate_hRSV/A/Germany/19-01267/2019,_complete_genome","OR795373.1_|Human_respiratory_syncytial_virus_A_isolate_hRSV/A/Germany/19-01507/2019,_complete_genome","OR795374.1_|Human_respiratory_syncytial_virus_A_isolate_hRSV/A/Germany/19-01631/2019,_complete_genome","OR795375.1_|Human_respiratory_syncytial_virus_A_isolate_hRSV/A/Germany/19-02168/2019,_complete_genome","OR795376.1_|Human_respiratory_syncytial_virus_A_isolate_hRSV/A/Germany/19-02171/2019,_complete_genome","OR795377.1_|Human_respiratory_syncytial_virus_A_isolate_hRSV/A/Germany/19-02346/2019,_complete_genome","OR795378.1_|Human_respiratory_syncytial_virus_A_isolate_hRSV/A/Germany/19-02487/2019,_complete_genome","OR795379.1_|Human_respiratory_syncytial_virus_A_isolate_hRSV/A/Germany/19-02630/2019,_complete_genome","OR795380.1_|Human_respiratory_syncytial_virus_A_isolate_hRSV/A/Germany/19-02632/2019,_complete_genome","OR795381.1_|Human_respiratory_syncytial_virus_A_isolate_hRSV/A/Germany/19-02698/2019,_complete_genome","OR795382.1_|Human_respiratory_syncytial_virus_A_isolate_hRSV/A/Germany/19-02773/2019,_complete_genome","OR795383.1_|Human_respiratory_syncytial_virus_A_isolate_hRSV/A/Germany/19-02912/2019,_complete_genome","OR795384.1_|Human_respiratory_syncytial_virus_A_isolate_hRSV/A/Germany/20-00993/2019,_complete_genome","OR795385.1_|Human_respiratory_syncytial_virus_A_isolate_hRSV/A/Germany/20-01713/2020,_complete_genome","OR795386.1_|Human_respiratory_syncytial_virus_A_isolate_hRSV/A/Germany/20-01833/2020,_complete_genome","OR795387.1_|Human_respiratory_syncytial_virus_A_isolate_hRSV/A/Germany/20-01906/2020,_complete_genome","OR795388.1_|Human_respiratory_syncytial_virus_A_isolate_hRSV/A/Germany/20-01942/2020,_complete_genome","OR795389.1_|Human_respiratory_syncytial_virus_A_isolate_hRSV/A/Germany/20-02002/2020,_complete_genome","OR795390.1_|Human_respiratory_syncytial_virus_A_isolate_hRSV/A/Germany/20-02231/2020,_complete_genome","OR795391.1_|Human_respiratory_syncytial_virus_A_isolate_hRSV/A/Germany/20-02311/2020,_complete_genome","OR795392.1_|Human_respiratory_syncytial_virus_A_isolate_hRSV/A/Germany/20-02443/2020,_complete_genome","OR795393.1_|Human_respiratory_syncytial_virus_A_isolate_hRSV/A/Germany/20-02446/2020,_complete_genome","OR795394.1_|Human_respiratory_syncytial_virus_A_isolate_hRSV/A/Germany/20-02470/2020,_complete_genome","OR795395.1_|Human_respiratory_syncytial_virus_A_isolate_hRSV/A/Germany/20-02591/2020,_complete_genome","OR795396.1_|Human_respiratory_syncytial_virus_A_isolate_hRSV/A/Germany/20-02604/2020,_complete_genome","OR795397.1_|Human_respiratory_syncytial_virus_A_isolate_hRSV/A/Germany/20-02637/2020,_complete_genome","OR795398.1_|Human_respiratory_syncytial_virus_A_isolate_hRSV/A/Germany/20-02660/2020,_complete_genome","OR795399.1_|Human_respiratory_syncytial_virus_A_isolate_hRSV/A/Germany/20-02684/2020,_complete_genome","OR795400.1_|Human_respiratory_syncytial_virus_A_isolate_hRSV/A/Germany/20-02689/2020,_complete_genome","OR795401.1_|Human_respiratory_syncytial_virus_A_isolate_hRSV/A/Germany/20-02702/2020,_complete_genome","OR795402.1_|Human_respiratory_syncytial_virus_A_isolate_hRSV/A/Germany/20-02704/2020,_complete_genome","OR795403.1_|Human_respiratory_syncytial_virus_A_isolate_hRSV/A/Germany/20-02746/2020,_complete_genome","OR795404.1_|Human_respiratory_syncytial_virus_A_isolate_hRSV/A/Germany/20-02765/2020,_complete_genome","OR795405.1_|Human_respiratory_syncytial_virus_A_isolate_hRSV/A/Germany/20-02910/2020,_complete_genome","OR795406.1_|Human_respiratory_syncytial_virus_A_isolate_hRSV/A/Germany/20-02934/2020,_complete_genome","OR795407.1_|Human_respiratory_syncytial_virus_A_isolate_hRSV/A/Germany/20-03302/2020,_complete_genome","OR795408.1_|Human_respiratory_syncytial_virus_A_isolate_hRSV/A/Germany/20-03353/2020,_complete_genome","OR795409.1_|Human_respiratory_syncytial_virus_A_isolate_hRSV/A/Germany/20-03521/2020,_complete_genome","OR795410.1_|Human_respiratory_syncytial_virus_A_isolate_hRSV/A/Germany/20-03531/2020,_complete_genome","OR795412.1_|Human_respiratory_syncytial_virus_A_isolate_hRSV/A/Germany/20-03565/2020,_complete_genome","OR795413.1_|Human_respiratory_syncytial_virus_A_isolate_hRSV/A/Germany/21-06264/2021,_complete_genome","OR795414.1_|Human_respiratory_syncytial_virus_A_isolate_hRSV/A/Germany/21-06292/2021,_complete_genome","OR795415.1_|Human_respiratory_syncytial_virus_A_isolate_hRSV/A/Germany/21-06625/2021,_complete_genome","OR795416.1_|Human_respiratory_syncytial_virus_A_isolate_hRSV/A/Germany/21-06819/2021,_complete_genome","OR795417.1_|Human_respiratory_syncytial_virus_A_isolate_hRSV/A/Germany/21-07026/2021,_complete_genome","OR795418.1_|Human_respiratory_syncytial_virus_A_isolate_hRSV/A/Germany/21-07063/2021,_complete_genome","OR795419.1_|Human_respiratory_syncytial_virus_A_isolate_hRSV/A/Germany/21-07100/2021,_complete_genome","OR795420.1_|Human_respiratory_syncytial_virus_A_isolate_hRSV/A/Germany/21-07170/2021,_complete_genome","OR795421.1_|Human_respiratory_syncytial_virus_A_isolate_hRSV/A/Germany/21-07326/2021,_complete_genome","OR795422.1_|Human_respiratory_syncytial_virus_A_isolate_hRSV/A/Germany/21-07357/2021,_complete_genome","OR795423.1_|Human_respiratory_syncytial_virus_A_isolate_hRSV/A/Germany/22-00203/2021,_complete_genome","OR795424.1_|Human_respiratory_syncytial_virus_A_isolate_hRSV/A/Germany/22-00271/2021,_complete_genome","OR795425.1_|Human_respiratory_syncytial_virus_A_isolate_hRSV/A/Germany/22-00290/2021,_complete_genome","OR795426.1_|Human_respiratory_syncytial_virus_A_isolate_hRSV/A/Germany/22-00345/2021,_complete_genome","OR795427.1_|Human_respiratory_syncytial_virus_A_isolate_hRSV/A/Germany/22-00373/2021,_complete_genome","OR795428.1_|Human_respiratory_syncytial_virus_A_isolate_hRSV/A/Germany/22-00458/2021,_complete_genome","OR795429.1_|Human_respiratory_syncytial_virus_A_isolate_hRSV/A/Germany/22-00553/2021,_complete_genome","OR795430.1_|Human_respiratory_syncytial_virus_A_isolate_hRSV/A/Germany/22-00668/2021,_complete_genome","OR795431.1_|Human_respiratory_syncytial_virus_A_isolate_hRSV/A/Germany/22-00723/2021,_complete_genome","OR795432.1_|Human_respiratory_syncytial_virus_A_isolate_hRSV/A/Germany/22-00724/2021,_complete_genome","OR795433.1_|Human_respiratory_syncytial_virus_A_isolate_hRSV/A/Germany/22-00726/2021,_complete_genome","OR795434.1_|Human_respiratory_syncytial_virus_A_isolate_hRSV/A/Germany/22-00730/2021,_complete_genome","OR795435.1_|Human_respiratory_syncytial_virus_A_isolate_hRSV/A/Germany/22-00757/2021,_complete_genome","OR795436.1_|Human_respiratory_syncytial_virus_A_isolate_hRSV/A/Germany/22-00758/2021,_complete_genome","OR795437.1_|Human_respiratory_syncytial_virus_A_isolate_hRSV/A/Germany/22-00766/2021,_complete_genome","OR795438.1_|Human_respiratory_syncytial_virus_A_isolate_hRSV/A/Germany/22-00774/2021,_complete_genome","OR795439.1_|Human_respiratory_syncytial_virus_A_isolate_hRSV/A/Germany/22-00857/2021,_complete_genome","OR795440.1_|Human_respiratory_syncytial_virus_A_isolate_hRSV/A/Germany/22-00939/2021,_complete_genome","OR795441.1_|Human_respiratory_syncytial_virus_A_isolate_hRSV/A/Germany/22-00946/2021,_complete_genome","OR795442.1_|Human_respiratory_syncytial_virus_A_isolate_hRSV/A/Germany/22-00983/2021,_complete_genome","OR795443.1_|Human_respiratory_syncytial_virus_A_isolate_hRSV/A/Germany/22-01153/2021,_complete_genome","OR795444.1_|Human_respiratory_syncytial_virus_A_isolate_hRSV/A/Germany/22-01154/2021,_complete_genome","OR795445.1_|Human_respiratory_syncytial_virus_A_isolate_hRSV/A/Germany/22-01193/2021,_complete_genome","OR795446.1_|Human_respiratory_syncytial_virus_A_isolate_hRSV/A/Germany/22-01286/2021,_complete_genome","OR795447.1_|Human_respiratory_syncytial_virus_A_isolate_hRSV/A/Germany/22-01300/2021,_complete_genome","OR795448.1_|Human_respiratory_syncytial_virus_A_isolate_hRSV/A/Germany/22-01307/2021,_complete_genome","OR795449.1_|Human_respiratory_syncytial_virus_A_isolate_hRSV/A/Germany/22-01311/2021,_complete_genome","OR795450.1_|Human_respiratory_syncytial_virus_A_isolate_hRSV/A/Germany/22-01320/2021,_complete_genome","OR795451.1_|Human_respiratory_syncytial_virus_A_isolate_hRSV/A/Germany/22-01323/2021,_complete_genome","OR795452.1_|Human_respiratory_syncytial_virus_A_isolate_hRSV/A/Germany/22-01361/2021,_complete_genome","OR795453.1_|Human_respiratory_syncytial_virus_A_isolate_hRSV/A/Germany/22-01517/2021,_complete_genome","OR795454.1_|Human_respiratory_syncytial_virus_A_isolate_hRSV/A/Germany/22-01687/2021,_complete_genome","OR795455.1_|Human_respiratory_syncytial_virus_A_isolate_hRSV/A/Germany/22-01741/2021,_complete_genome","OR795456.1_|Human_respiratory_syncytial_virus_A_isolate_hRSV/A/Germany/22-01933/2021,_complete_genome","OR795457.1_|Human_respiratory_syncytial_virus_A_isolate_hRSV/A/Germany/22-01974/2021,_complete_genome","OR795458.1_|Human_respiratory_syncytial_virus_A_isolate_hRSV/A/Germany/22-01987/2021,_complete_genome","OR795459.1_|Human_respiratory_syncytial_virus_A_isolate_hRSV/A/Germany/22-02018/2021,_complete_genome","OR795460.1_|Human_respiratory_syncytial_virus_A_isolate_hRSV/A/Germany/22-02019/2021,_complete_genome","OR795461.1_|Human_respiratory_syncytial_virus_A_isolate_hRSV/A/Germany/22-02025/2021,_complete_genome","OR795462.1_|Human_respiratory_syncytial_virus_A_isolate_hRSV/A/Germany/22-02048/2021,_complete_genome","OR795463.1_|Human_respiratory_syncytial_virus_A_isolate_hRSV/A/Germany/22-02061/2021,_complete_genome","OR795464.1_|Human_respiratory_syncytial_virus_A_isolate_hRSV/A/Germany/22-02062/2021,_complete_genome","OR795465.1_|Human_respiratory_syncytial_virus_A_isolate_hRSV/A/Germany/22-02320/2021,_complete_genome","OR795466.1_|Human_respiratory_syncytial_virus_A_isolate_hRSV/A/Germany/22-02323/2021,_complete_genome","OR795467.1_|Human_respiratory_syncytial_virus_A_isolate_hRSV/A/Germany/22-02371/2021,_complete_genome","OR795468.1_|Human_respiratory_syncytial_virus_A_isolate_hRSV/A/Germany/22-02451/2021,_complete_genome","OR795469.1_|Human_respiratory_syncytial_virus_A_isolate_hRSV/A/Germany/22-02516/2021,_complete_genome","OR795470.1_|Human_respiratory_syncytial_virus_A_isolate_hRSV/A/Germany/22-02775/2021,_complete_genome","OR795471.1_|Human_respiratory_syncytial_virus_A_isolate_hRSV/A/Germany/22-03065/2022,_complete_genome","OR795472.1_|Human_respiratory_syncytial_virus_A_isolate_hRSV/A/Germany/23-00282/2022,_complete_genome","OR795473.1_|Human_respiratory_syncytial_virus_A_isolate_hRSV/A/Germany/23-00435/2022,_complete_genome","OR795474.1_|Human_respiratory_syncytial_virus_A_isolate_hRSV/A/Germany/23-00712/2022,_complete_genome","OR795475.1_|Human_respiratory_syncytial_virus_A_isolate_hRSV/A/Germany/23-00760/2022,_complete_genome","OR795476.1_|Human_respiratory_syncytial_virus_A_isolate_hRSV/A/Germany/23-00870/2022,_complete_genome","OR795477.1_|Human_respiratory_syncytial_virus_A_isolate_hRSV/A/Germany/23-01059/2022,_complete_genome","OR795478.1_|Human_respiratory_syncytial_virus_A_isolate_hRSV/A/Germany/23-01354/2022,_complete_genome","OR795479.1_|Human_respiratory_syncytial_virus_A_isolate_hRSV/A/Germany/23-01795/2022,_complete_genome","OR795480.1_|Human_respiratory_syncytial_virus_A_isolate_hRSV/A/Germany/23-02209/2022,_complete_genome","OR795481.1_|Human_respiratory_syncytial_virus_A_isolate_hRSV/A/Germany/23-02238/2022,_complete_genome","PP376272.1_|Human_respiratory_syncytial_virus_A_isolate_490103023,_complete_genome","PP376289.1_|Human_respiratory_syncytial_virus_A_isolate_490102036,_complete_genome","PP376296.1_|Human_respiratory_syncytial_virus_A_isolate_490102002,_complete_genome","PP376340.1_|Human_respiratory_syncytial_virus_A_isolate_490103026,_complete_genome","PP376358.1_|Human_respiratory_syncytial_virus_A_isolate_490102023,_complete_genome","PP376362.1_|Human_respiratory_syncytial_virus_A_isolate_490103028,_complete_genome","PP376403.1_|Human_respiratory_syncytial_virus_A_isolate_490103020,_complete_genome","PP376414.1_|Human_respiratory_syncytial_virus_A_isolate_490103029,_complete_genome","PP376422.1_|Human_respiratory_syncytial_virus_A_isolate_490103016,_complete_genome","PP376423.1_|Human_respiratory_syncytial_virus_A_isolate_490103015,_complete_genome","PP376431.1_|Human_respiratory_syncytial_virus_A_isolate_490102029,_complete_genome","PP376457.1_|Human_respiratory_syncytial_virus_A_isolate_490103031,_complete_genome","PP376483.1_|Human_respiratory_syncytial_virus_A_isolate_490103007,_complete_genome","PP376525.1_|Human_respiratory_syncytial_virus_A_isolate_490103008,_complete_genome","PP376527.1_|Human_respiratory_syncytial_virus_A_isolate_490103001,_complete_genome","PP376554.1_|Human_respiratory_syncytial_virus_A_isolate_490103009,_complete_genome","PP376564.1_|Human_respiratory_syncytial_virus_A_isolate_490103003,_complete_genome","PP376568.1_|Human_respiratory_syncytial_virus_A_isolate_490103010,_complete_genome","PP376571.1_|Human_respiratory_syncytial_virus_A_isolate_490103022,_complete_genome","PP376585.1_|Human_respiratory_syncytial_virus_A_isolate_490103024,_complete_genome","PP376595.1_|Human_respiratory_syncytial_virus_A_isolate_490102018,_complete_genome","PP376596.1_|Human_respiratory_syncytial_virus_A_isolate_490103018,_complete_genome","PP376615.1_|Human_respiratory_syncytial_virus_A_isolate_490103012,_complete_genome","PP376616.1_|Human_respiratory_syncytial_virus_A_isolate_490103014,_complete_genome","PP376625.1_|Human_respiratory_syncytial_virus_A_isolate_490103019,_complete_genome","PP376637.1_|Human_respiratory_syncytial_virus_A_isolate_490103025,_complete_genome","PP376639.1_|Human_respiratory_syncytial_virus_A_isolate_490102008,_complete_genome","PP376646.1_|Human_respiratory_syncytial_virus_A_isolate_490103027,_complete_genome","PP376657.1_|Human_respiratory_syncytial_virus_A_isolate_490102024,_complete_genome","PP376684.1_|Human_respiratory_syncytial_virus_A_isolate_490103004,_complete_genome","PP376714.1_|Human_respiratory_syncytial_virus_A_isolate_490103032,_complete_genome","PP376767.1_|Human_respiratory_syncytial_virus_A_isolate_490103005,_complete_genome","PP376782.1_|Human_respiratory_syncytial_virus_A_isolate_490103006,_complete_genome","PP376785.1_|Human_respiratory_syncytial_virus_A_isolate_490103033,_complete_genome","PP376789.1_|Human_respiratory_syncytial_virus_A_isolate_490103035,_complete_genome","PP376797.1_|Human_respiratory_syncytial_virus_A_isolate_490103017,_complete_genome"
"NC_038235.1_Human_orthopneumovirus_Subgroup_A,_complete_cds",0,15,16,15,16,17,17,14,16,18,16,19,15,16,17,18,15,16,18,18,17,17,21,15,15,16,18,16,16,16,16,15,15,16,19,19,18,16,18,18,16,16,17,18,18,16,16,18,15,15,17,18,17,20,15,16,18,18,16,17,17,18,15,16,16,16,17,19,15,16,15,19,17,15,16,15,16,19,15,16,16,17,15,20,15,18,18,16,19,19,15,15,17,16,16,16,19,17,17,15,15,15,16,16,19,16,18,16,15,15,19,18,15,15,15,15,15,20,16,17,15,15,15,15,15,15,19,15,16,19,16,20,19,17,16,17,17,16,17,17,20,17,20,16,15,16,18,17,16,18,17,17,17,16,17,20,20,15,20,17,17,16,15,17,15,16,15,20,17
"MW582528.1_|Human_respiratory_syncytial_virus_A_isolate_0594,_complete_genome",15,0,1,0,1,4,2,2,1,3,1,4,1,1,5,3,2,1,3,3,5,2,6,4,2,1,3,1,1,1,1,4,4,1,4,3,4,2,3,5,4,4,5,3,3,1,2,3,3,3,5,3,3,7,3,1,4,3,3,4,2,5,3,1,4,1,2,7,3,1,3,7,3,3,4,3,4,7,3,3,3,6,3,6,3,5,6,4,7,7,3,3,2,3,3,3,6,3,5,3,3,3,4,1,7,1,3,4,3,3,7,5,3,3,3,3,3,5,4,2,3,5,3,3,3,3,4,3,2,4,4,5,4,2,5,2,2,2,2,3,7,3,7,2,3,1,4,2,1,4,2,2,2,2,3,7,7,2,7,3,2,3,3,2,3,1,3,7,3
"OR795349.1_|Human_respiratory_syncytial_virus_A_isolate_hRSV/A/Germany/15-01353/2014,_complete_genome",16,1,0,1,0,3,1,1,0,2,0,3,0,0,4,1,1,0,2,2,4,1,5,3,1,0,2,0,0,0,0,3,3,0,2,2,2,1,1,4,3,3,4,2,2,0,1,2,2,2,4,2,2,6,2,0,3,2,2,3,1,4,2,0,3,0,1,6,2,0,2,6,2,2,3,2,3,6,2,2,2,5,2,5,2,6,5,3,6,6,2,2,1,2,2,2,5,2,4,2,2,2,3,0,6,0,2,3,2,2,6,6,2,2,2,2,2,4,3,1,2,4,2,2,2,2,3,2,1,3,3,4,3,1,4,1,1,1,1,2,6,2,6,1,2,0,2,1,0,3,1,1,1,1,2,6,6,1,6,2,1,2,2,1,2,0,2,6,2
"OR795350.1_|Human_respiratory_syncytial_virus_A_isolate_hRSV/A/Germany/15-01870/2015,_complete_genome",15,0,1,0,1,4,2,2,1,3,1,4,1,1,5,3,2,1,3,3,5,2,6,4,2,1,3,1,1,1,1,4,4,1,4,3,4,2,3,5,4,4,5,3,3,1,2,3,3,3,5,3,3,7,3,1,4,3,3,4,2,5,3,1,4,1,2,7,3,1,3,7,3,3,4,3,4,7,3,3,3,6,3,6,3,5,6,4,7,7,3,3,2,3,3,3,6,3,5,3,3,3,4,1,7,1,3,4,3,3,7,5,3,3,3,3,3,5,4,2,3,5,3,3,3,3,4,3,2,4,4,5,4,2,5,2,2,2,2,3,7,3,7,2,3,1,4,2,1,4,2,2,2,2,3,7,7,2,7,3,2,3,3,2,3,1,3,7,3
"OR795352.1_|Human_respiratory_syncytial_virus_A_isolate_hRSV/A/Germany/16-00842/2015,_complete_genome",16,1,0,1,0,3,1,1,0,2,0,3,0,0,4,1,1,0,2,2,4,1,5,3,1,0,2,0,0,0,0,3,3,0,2,2,2,1,1,4,3,3,4,2,2,0,1,2,2,2,4,2,2,6,2,0,3,2,2,3,1,4,2,0,3,0,1,6,2,0,2,6,2,2,3,2,3,6,2,2,2,5,2,5,2,6,5,3,6,6,2,2,1,2,2,2,5,2,4,2,2,2,3,0,6,0,2,3,2,2,6,6,2,2,2,2,2,4,3,1,2,4,2,2,2,2,3,2,1,3,3,4,3,1,4,1,1,1,1,2,6,2,6,1,2,0,2,1,0,3,1,1,1,1,2,6,6,1,6,2,1,2,2,1,2,0,2,6,2
"OR795353.1_|Human_respiratory_syncytial_virus_A_isolate_hRSV/A/Germany/16-01800/2016,_complete_genome",17,4,3,4,3,0,4,4,3,5,3,6,3,3,7,5,4,3,3,5,7,4,8,6,4,3,3,3,3,3,3,6,6,3,6,5,6,3,5,7,6,6,7,5,5,3,3,5,5,5,7,5,5,9,5,3,6,5,5,6,4,7,5,3,5,3,4,9,5,3,5,9,5,5,4,5,6,9,5,5,5,8,5,8,5,9,8,4,9,9,5,5,4,5,5,5,8,5,5,5,5,5,4,3,9,3,5,6,5,5,9,9,5,5,5,5,5,7,6,4,5,7,5,5,5,5,6,5,4,6,6,7,6,4,7,4,4,4,4,5,9,5,9,4,5,3,6,4,3,4,4,4,4,4,3,9,9,4,9,5,4,5,5,4,5,3,5,9,5
"OR795354.1_|Human_respiratory_syncytial_virus_A_isolate_hRSV/A/Germany/16-02403/2016,_complete_genome",17,2,1,2,1,4,0,2,1,3,1,4,1,1,5,3,2,1,3,3,5,2,6,4,2,1,3,1,1,1,1,4,4,1,4,3,4,2,3,5,4,4,5,3,3,1,2,3,3,3,5,3,3,7,3,1,4,3,3,4,2,5,3,1,4,1,2,7,3,1,3,7,3,3,4,3,4,7,3,3,3,6,3,6,3,7,6,4,7,7,3,3,2,3,3,3,6,3,5,3,3,3,4,1,7,1,3,4,3,3,7,7,3,3,3,3,3,5,4,2,3,5,3,3,3,3,4,3,2,4,4,5,4,2,5,2,2,1,2,2,7,2,7,1,3,1,4,2,1,4,2,2,2,1,3,7,7,2,7,2,2,3,3,2,3,1,3,7,2
"OR795355.1_|Human_respiratory_syncytial_virus_A_isolate_hRSV/A/Germany/17-00876/2016,_complete_genome",14,2,1,2,1,4,2,0,1,3,1,4,1,1,5,3,2,1,3,3,5,2,6,4,0,1,3,1,1,1,1,4,4,1,4,3,4,2,3,5,2,4,5,3,3,1,2,3,1,1,5,3,3,7,1,1,4,3,3,4,2,5,1,1,2,1,2,7,1,1,1,7,3,1,2,1,2,7,1,3,3,4,1,6,1,7,4,2,7,7,1,1,2,3,3,3,6,3,3,1,1,1,2,1,7,1,3,2,1,1,7,7,1,1,1,1,1,5,2,2,1,3,1,1,1,1,4,1,2,4,2,5,4,2,5,2,2,2,2,3,7,3,7,2,1,1,4,2,1,4,2,2,2,2,3,7,7,2,7,3,2,3,1,2,1,1,1,7,3
"OR795356.1_|Human_respiratory_syncytial_virus_A_isolate_hRSV/A/Germany/17-01161/2016,_complete_genome",16,1,0,1,0,3,1,1,0,2,0,3,0,0,4,2,1,0,2,2,4,1,5,3,1,0,2,0,0,0,0,3,3,0,3,2,2,1,2,4,3,3,4,2,2,0,1,2,2,2,4,2,2,6,2,0,3,2,2,3,1,4,2,0,3,0,1,6,2,0,2,6,2,2,3,2,3,6,2,2,2,5,2,5,2,6,5,3,6,6,2,2,1,2,2,2,5,2,4,2,2,2,3,0,6,0,2,3,2,2,6,6,2,2,2,2,2,4,3,1,2,4,2,2,2,2,3,2,1,3,3,4,3,1,4,1,1,1,1,2,6,2,6,1,2,0,2,1,0,3,1,1,1,1,2,6,6,1,6,2,1,2,2,1,2,0,2,6,2
"OR795357.1_|Human_respiratory_syncytial_virus_A_isolate_hRSV/A/Germany/17-01795/2017,_complete_genome",18,3,2,3,2,5,3,3,2,0,2,5,2,2,6,3,3,2,4,4,6,3,7,5,3,2,4,2,2,2,2,5,5,2,4,4,4,3,3,6,5,5,6,3,3,2,3,4,4,4,6,3,3,8,4,2,3,4,4,5,3,6,4,2,5,2,3,8,4,2,4,8,4,4,5,4,5,8,4,4,4,5,4,6,4,8,7,5,8,8,4,4,3,4,4,4,7,4,6,4,4,4,5,2,8,2,4,5,4,4,8,8,4,4,4,4,4,6,5,3,4,6,4,4,4,4,5,4,3,4,5,6,5,3,6,3,3,3,3,4,8,4,8,3,4,2,4,3,2,5,3,3,3,3,4,8,8,3,8,4,3,4,4,3,4,2,4,8,4
"OR795358.1_|Human_respiratory_syncytial_virus_A_isolate_hRSV/A/Germany/17-02326/2017,_complete_genome",16,1,0,1,0,3,1,1,0,2,0,3,0,0,4,1,1,0,2,2,4,1,5,3,1,0,2,0,0,0,0,3,3,0,2,2,2,1,1,4,3,3,4,2,2,0,1,2,2,2,4,2,2,6,2,0,3,2,2,3,1,4,2,1,3,0,1,6,2,0,2,6,2,2,3,2,3,6,2,2,2,5,2,5,2,6,5,3,6,6,2,2,1,2,2,2,5,2,4,2,2,2,3,0,6,0,2,3,2,2,6,6,2,2,2,2,2,4,3,1,2,4,2,2,2,2,3,2,1,3,3,4,3,1,4,1,1,1,1,2,6,2,6,1,2,0,2,1,0,3,1,1,1,1,2,6,6,1,6,2,1,2,2,1,2,0,2,6,2
"OR795359.1_|Human_respiratory_syncytial_virus_A_isolate_hRSV/A/Germany/17-03987/2017,_complete_genome",19,4,3,4,3,6,4,4,3,5,3,0,3,3,7,5,4,3,5,5,7,4,8,6,4,3,4,3,3,3,3,6,6,3,6,5,6,4,5,7,5,6,7,5,5,3,4,3,4,5,7,5,5,9,4,3,4,5,5,6,4,7,5,3,5,3,4,9,5,3,5,9,5,4,6,5,6,9,5,5,5,8,5,8,4,9,7,6,9,9,5,4,4,5,5,5,8,5,7,5,5,5,6,3,9,3,5,5,5,5,9,9,5,4,5,5,4,7,6,4,5,7,5,5,5,5,6,5,4,6,6,7,6,4,7,4,4,4,4,5,9,5,9,4,4,3,6,4,3,6,4,4,4,4,5,9,9,4,9,5,4,5,4,4,5,3,5,9,5
"OR795360.1_|Human_respiratory_syncytial_virus_A_isolate_hRSV/A/Germany/18-00577/2018,_complete_genome",15,1,0,1,0,3,1,1,0,2,0,3,0,0,4,2,1,0,2,2,4,1,5,3,1,0,2,0,0,0,0,3,3,0,3,2,3,1,2,4,3,3,4,2,2,0,1,2,2,2,4,2,2,6,2,0,3,2,2,3,1,4,2,0,3,0,1,6,2,0,2,6,2,2,3,2,3,6,2,2,2,5,2,5,2,6,5,3,6,6,2,2,1,2,2,2,5,2,4,2,2,2,3,0,6,0,2,3,2,2,6,6,2,2,2,2,2,4,3,1,2,4,2,2,2,2,3,2,1,3,3,4,3,1,4,1,1,1,1,2,6,2,6,1,2,0,3,1,0,3,1,1,1,1,2,6,6,1,6,2,1,2,2,1,2,0,2,6,2
"OR795361.1_|Human_respiratory_syncytial_virus_A_isolate_hRSV/A/Germany/18-00988/2017,_complete_genome",16,1,0,1,0,3,1,1,0,2,0,3,0,0,4,2,1,0,2,2,4,1,5,3,1,0,2,0,0,0,0,3,3,0,3,2,3,1,2,4,3,3,4,2,2,0,1,2,2,2,4,2,2,6,2,0,3,2,2,3,1,4,2,0,3,0,1,6,2,0,2,6,2,2,3,2,3,6,2,2,2,5,2,5,2,6,5,3,6,6,2,2,1,2,2,2,5,2,4,2,2,2,3,0,6,0,2,3,2,2,6,6,2,2,2,2,2,4,3,1,2,4,2,2,2,2,3,2,1,3,3,4,3,1,4,1,1,1,1,2,6,2,6,1,2,0,3,1,0,3,1,1,1,1,2,6,6,1,6,2,1,2,2,1,2,0,2,6,2
"OR795362.1_|Human_respiratory_syncytial_virus_A_isolate_hRSV/A/Germany/18-02178/2018,_complete_genome",17,5,4,5,4,7,5,5,4,6,4,7,4,4,0,6,5,4,6,6,8,5,9,7,5,4,6,4,4,4,4,7,7,4,7,6,7,5,6,8,7,7,8,6,6,4,5,6,6,6,8,6,6,10,6,4,7,6,6,7,5,8,6,4,7,4,5,10,6,4,6,10,6,6,7,6,7,10,6,6,6,9,6,6,6,10,9,7,10,10,6,6,5,6,6,6,9,6,8,6,6,6,7,4,10,4,6,7,6,6,10,10,6,6,6,6,6,8,7,5,6,8,6,6,6,6,7,6,5,7,7,8,7,5,8,5,5,5,5,6,10,6,10,5,6,4,7,5,4,7,5,5,5,5,6,10,10,5,10,6,5,6,6,5,6,4,6,10,6
"OR795363.1_|Human_respiratory_syncytial_virus_A_isolate_hRSV/A/Germany/18-03012/2018,_complete_genome",18,3,1,3,1,5,3,3,2,3,1,5,2,2,6,0,3,2,4,4,6,3,7,5,3,2,4,2,2,2,2,5,5,2,1,4,1,2,0,6,5,5,6,4,4,1,2,4,4,4,6,4,4,8,4,2,4,4,4,5,3,6,4,2,5,2,3,8,4,2,4,8,4,4,5,4,5,8,4,4,4,6,4,7,4,8,7,5,8,8,4,4,3,4,4,4,7,4,6,4,4,4,5,2,8,2,4,5,4,4,8,8,4,4,4,4,4,6,5,3,4,6,4,4,4,4,5,4,3,5,5,6,5,3,6,3,3,2,3,4,8,4,8,2,4,2,1,3,2,5,3,3,3,2,4,8,8,3,8,3,3,4,4,3,4,2,4,8,4
"OR795364.1_|Human_respiratory_syncytial_virus_A_isolate_hRSV/A/Germany/18-03723/2018,_complete_genome",15,2,1,2,1,4,2,2,1,3,1,4,1,1,5,3,0,1,3,3,5,2,6,4,2,1,3,1,1,1,1,4,4,1,4,3,4,2,3,5,4,2,5,3,3,1,2,3,3,3,5,3,3,5,3,1,4,3,3,4,2,5,3,1,4,1,2,7,3,1,3,7,3,3,4,3,4,7,3,3,3,6,3,6,3,7,6,4,7,7,3,3,2,3,3,3,6,3,5,3,3,3,4,1,7,1,3,4,3,3,7,7,3,3,3,3,3,5,4,2,3,5,3,3,3,3,4,3,2,4,4,5,4,2,5,2,2,2,2,3,5,3,5,2,3,1,4,2,1,4,2,2,2,2,3,5,5,0,5,3,2,3,3,2,3,1,3,5,3
"OR795365.1_|Human_respiratory_syncytial_virus_A_isolate_hRSV/A/Germany/18-05868/2018,_complete_genome",16,1,0,1,0,3,1,1,0,2,0,3,0,0,4,2,1,0,2,2,4,1,5,3,1,0,2,0,0,0,0,3,3,0,3,2,3,1,2,4,3,3,4,2,2,0,1,2,2,2,4,2,2,6,2,0,3,2,2,3,1,4,2,0,3,0,1,6,2,0,2,6,2,2,3,2,3,6,2,2,2,5,2,5,2,6,5,3,6,6,2,2,1,2,2,2,5,2,4,2,2,2,3,0,6,0,2,3,2,2,6,6,2,2,2,2,2,4,3,1,2,4,2,2,2,2,3,2,1,3,3,4,3,1,4,1,1,1,1,2,6,2,6,1,2,0,3,1,0,3,1,1,1,1,2,6,6,1,6,2,1,2,2,1,2,0,2,6,2
"OR795366.1_|Human_respiratory_syncytial_virus_A_isolate_hRSV/A/Germany/18-05891/2018,_complete_genome",18,3,2,3,2,3,3,3,2,4,2,5,2,2,6,4,3,2,0,4,6,3,5,5,3,2,2,2,2,2,2,5,5,2,5,4,5,3,4,6,5,5,6,4,4,2,3,4,4,4,6,4,4,8,4,2,5,4,4,5,3,6,4,2,5,2,3,8,4,2,4,8,4,4,3,4,5,8,4,4,4,7,4,6,4,8,7,3,8,8,4,4,3,4,4,4,7,4,4,4,4,4,3,2,8,2,4,5,4,4,8,8,4,4,4,4,4,6,5,3,4,6,4,4,4,4,5,4,2,5,5,5,5,3,6,3,3,3,3,4,8,4,8,3,4,2,5,3,2,3,3,3,3,3,2,8,8,3,8,4,3,4,4,3,4,2,4,8,4
"OR795367.1_|Human_respiratory_syncytial_virus_A_isolate_hRSV/A/Germany/18-06034/2018,_complete_genome",18,3,2,3,2,5,3,3,2,4,2,5,2,2,6,4,3,2,4,0,6,3,7,5,3,2,4,2,2,2,2,5,5,2,5,4,5,3,4,5,5,5,6,4,4,2,3,4,4,2,6,4,4,8,4,2,5,4,4,5,3,5,4,2,5,2,3,8,4,2,4,8,4,4,5,4,5,8,4,4,4,7,4,7,4,8,7,5,8,8,4,4,3,4,4,4,7,4,6,4,4,4,5,2,8,2,4,5,4,4,8,8,4,4,4,4,4,6,5,3,4,6,4,4,4,4,5,4,3,5,5,6,5,3,6,3,3,3,3,4,8,4,8,3,4,2,5,3,2,5,3,3,3,3,4,8,8,3,8,4,3,4,4,3,2,2,2,8,4
"OR795368.1_|Human_respiratory_syncytial_virus_A_isolate_hRSV/A/Germany/19-00912/2018,_complete_genome",17,5,4,5,4,7,5,5,4,6,4,7,4,4,8,6,5,4,6,6,0,5,3,6,5,4,6,4,4,4,4,6,6,4,7,6,6,5,6,7,7,7,0,6,6,4,5,6,6,6,0,6,6,10,6,4,6,6,4,6,5,7,6,4,7,4,5,4,6,4,6,4,6,6,7,6,7,4,6,6,6,9,6,3,6,2,9,7,4,4,6,6,5,6,6,6,1,6,8,6,6,6,7,4,4,4,6,7,6,6,4,2,6,6,6,6,6,2,7,5,6,8,6,6,6,6,1,6,5,1,7,2,1,5,6,4,5,5,5,6,10,6,10,5,6,4,6,5,4,7,5,5,5,5,6,10,10,5,10,6,5,6,6,5,6,4,6,10,6
"OR795369.1_|Human_respiratory_syncytial_virus_A_isolate_hRSV/A/Germany/19-01063/2018,_complete_genome",17,2,1,2,1,4,2,2,1,3,1,4,1,1,5,3,2,1,3,3,5,0,6,2,2,1,3,1,1,1,1,2,2,1,4,3,4,2,3,5,4,4,5,3,3,1,2,3,3,3,5,3,3,7,3,1,4,3,3,4,2,5,3,1,4,1,2,7,3,1,3,7,3,3,4,3,4,7,3,3,3,6,3,6,3,7,6,4,7,7,3,3,2,3,3,3,6,3,5,3,3,3,4,1,7,1,3,4,3,3,7,7,3,3,3,3,3,5,4,2,3,5,3,3,3,3,4,3,2,4,4,5,4,2,5,2,2,2,2,3,7,3,7,2,3,1,4,2,1,4,2,2,2,2,3,7,7,2,7,3,2,3,3,2,3,1,3,7,3
"OR795370.1_|Human_respiratory_syncytial_virus_A_isolate_hRSV/A/Germany/19-01162/2018,_complete_genome",21,6,5,6,5,8,6,6,5,7,5,8,5,5,9,7,6,5,5,7,3,6,0,8,6,5,7,5,5,5,5,8,8,5,8,7,7,6,7,8,8,8,3,7,7,5,6,7,7,7,3,7,7,11,7,5,8,7,5,8,6,8,7,5,8,5,6,5,7,5,7,5,7,7,8,7,8,5,7,7,7,10,7,4,7,5,10,8,5,5,7,7,6,7,7,7,4,7,9,7,7,7,8,5,5,5,7,8,7,7,5,5,7,7,7,7,7,3,8,6,7,9,7,7,7,7,2,7,5,2,8,3,2,6,9,6,6,6,6,7,11,7,11,6,7,5,7,6,5,8,6,6,6,6,7,11,11,6,11,7,6,7,7,6,7,5,7,11,7
"OR795371.1_|Human_respiratory_syncytial_virus_A_isolate_hRSV/A/Germany/19-01264/2019,_complete_genome",15,4,3,4,3,6,4,4,3,5,3,6,3,3,7,5,4,3,5,5,6,2,8,0,4,3,5,3,3,3,3,0,0,3,6,5,6,4,5,7,6,6,6,5,5,3,4,5,5,5,6,5,4,9,5,3,6,5,4,4,4,7,5,3,6,3,4,9,5,3,5,9,5,5,6,5,6,9,5,5,5,8,5,8,5,9,8,6,9,9,5,5,4,5,5,5,8,5,7,5,5,5,6,3,9,3,5,6,5,5,9,9,5,5,5,5,5,7,6,4,5,7,5,5,5,5,6,5,4,6,6,7,6,4,7,4,4,4,4,5,9,5,9,4,5,3,6,4,3,6,4,4,4,4,5,9,9,4,9,5,4,3,5,4,5,3,5,9,5
"OR795372.1_|Human_respiratory_syncytial_virus_A_isolate_hRSV/A/Germany/19-01267/2019,_complete_genome",15,2,1,2,1,4,2,0,1,3,1,4,1,1,5,3,2,1,3,3,5,2,6,4,0,1,3,1,1,1,1,4,4,1,4,3,4,2,3,5,2,4,5,3,3,1,2,3,1,1,5,3,3,7,1,1,4,3,3,4,2,5,1,1,2,1,2,7,1,1,1,7,3,1,2,1,2,7,1,3,3,4,1,6,1,7,4,2,7,7,1,1,2,3,3,3,6,3,3,1,1,1,2,1,7,1,3,2,1,1,7,7,1,1,1,1,1,5,2,2,1,3,1,1,1,1,4,1,2,4,2,5,4,2,5,2,2,2,2,3,7,3,7,2,1,1,4,2,1,4,2,2,2,2,3,7,7,2,7,3,2,3,1,2,1,1,1,7,3
"OR795373.1_|Human_respiratory_syncytial_virus_A_isolate_hRSV/A/Germany/19-01507/2019,_complete_genome",16,1,0,1,0,3,1,1,0,2,0,3,0,0,4,2,1,0,2,2,4,1,5,3,1,0,2,0,0,0,0,3,3,0,3,2,3,1,2,4,3,3,4,2,2,0,1,2,2,2,4,2,2,6,2,0,3,2,2,3,1,4,2,0,3,0,1,6,2,0,2,6,2,2,3,2,3,6,2,2,2,5,2,5,2,6,5,3,6,6,2,2,1,2,2,2,5,2,4,2,2,2,3,0,6,0,2,3,2,2,6,6,2,2,2,2,2,4,3,1,2,4,2,2,2,2,3,2,1,3,3,4,3,1,4,1,1,1,1,2,6,2,6,1,2,0,3,1,0,3,1,1,1,1,2,6,6,1,6,2,1,2,2,1,2,0,2,6,2
"OR795374.1_|Human_respiratory_syncytial_virus_A_isolate_hRSV/A/Germany/19-01631/2019,_complete_genome",18,3,2,3,2,3,3,3,2,4,2,4,2,2,6,4,3,2,2,4,6,3,7,5,3,2,0,2,2,2,2,5,5,2,5,4,5,3,4,6,5,5,6,4,4,2,3,4,4,4,6,4,4,8,4,2,5,4,4,5,3,6,4,2,5,2,3,8,4,2,4,8,4,4,3,4,5,8,4,4,4,7,4,7,4,8,7,3,8,8,4,4,3,4,4,4,7,4,4,4,4,4,3,2,8,2,4,5,4,4,8,8,4,4,4,4,4,6,5,3,4,6,4,4,4,4,5,4,3,5,5,6,5,3,6,3,3,3,3,4,8,4,8,3,4,2,5,3,2,3,3,3,3,3,2,8,8,3,8,4,3,4,4,3,4,2,4,8,4
"OR795375.1_|Human_respiratory_syncytial_virus_A_isolate_hRSV/A/Germany/19-02168/2019,_complete_genome",16,1,0,1,0,3,1,1,0,2,0,3,0,0,4,2,1,0,2,2,4,1,5,3,1,0,2,0,0,0,0,3,3,0,3,2,3,1,2,4,3,3,4,2,2,0,1,2,2,2,4,2,2,6,2,0,3,2,2,3,1,4,2,0,3,0,1,6,2,0,2,6,2,2,3,2,3,6,2,2,2,5,2,5,2,6,5,3,6,6,2,2,1,2,2,2,5,2,4,2,2,2,3,0,6,0,2,3,2,2,6,6,2,2,2,2,2,4,3,1,2,4,2,2,2,2,3,2,1,3,3,4,3,1,4,1,1,1,1,2,6,2,6,1,2,0,3,1,0,3,1,1,1,1,2,6,6,1,6,2,1,2,2,1,2,0,2,6,2
"OR795376.1_|Human_respiratory_syncytial_virus_A_isolate_hRSV/A/Germany/19-02171/2019,_complete_genome",16,1,0,1,0,3,1,1,0,2,0,3,0,0,4,2,1,0,2,2,4,1,5,3,1,0,2,0,0,0,0,3,3,0,3,2,3,1,2,4,3,3,4,2,2,0,1,2,2,2,4,2,2,6,2,0,3,2,2,3,1,4,2,0,3,0,1,6,2,0,2,6,2,2,3,2,3,6,2,2,2,5,2,5,2,6,5,3,6,6,2,2,1,2,2,2,5,2,4,2,2,2,3,0,6,0,2,3,2,2,6,6,2,2,2,2,2,4,3,1,2,4,2,2,2,2,3,2,1,3,3,4,3,1,4,1,1,1,1,2,6,2,6,1,2,0,3,1,0,3,1,1,1,1,2,6,6,1,6,2,1,2,2,1,2,0,2,6,2
"OR795377.1_|Human_respiratory_syncytial_virus_A_isolate_hRSV/A/Germany/19-02346/2019,_complete_genome",16,1,0,1,0,3,1,1,0,2,0,3,0,0,4,2,1,0,2,2,4,1,5,3,1,0,2,0,0,0,0,3,3,0,3,2,3,1,2,4,3,3,4,2,2,0,1,2,2,2,4,2,2,6,2,0,3,2,2,3,1,4,2,0,3,0,1,6,2,0,2,6,2,2,3,2,3,6,2,2,2,5,2,5,2,6,5,3,6,6,2,2,1,2,2,2,5,2,4,2,2,2,3,0,6,0,2,3,2,2,6,6,2,2,2,2,2,4,3,1,2,4,2,2,2,2,3,2,1,3,3,4,3,1,4,1,1,1,1,2,6,2,6,1,2,0,3,1,0,3,1,1,1,1,2,6,6,1,6,1,1,2,2,1,2,0,2,6,2
"OR795378.1_|Human_respiratory_syncytial_virus_A_isolate_hRSV/A/Germany/19-02487/2019,_complete_genome",16,1,0,1,0,3,1,1,0,2,0,3,0,0,4,2,1,0,2,2,4,1,5,3,1,0,2,0,0,0,0,3,3,0,3,2,3,1,2,4,3,3,4,2,2,0,1,2,2,2,4,2,2,6,2,0,3,2,2,3,1,4,2,0,3,0,1,6,2,0,2,6,2,2,3,2,3,6,2,2,2,5,2,5,2,6,5,3,6,6,2,2,1,2,2,2,5,2,4,2,2,2,3,0,6,0,2,3,2,2,6,6,2,2,2,2,2,4,3,1,2,4,2,2,2,2,3,2,1,3,3,4,3,1,4,1,1,1,1,2,6,2,6,1,2,0,3,1,0,3,1,1,1,1,2,6,6,1,6,2,1,2,2,1,2,0,2,6,2
"OR795379.1_|Human_respiratory_syncytial_virus_A_isolate_hRSV/A/Germany/19-02630/2019,_complete_genome",15,4,3,4,3,6,4,4,3,5,3,6,3,3,7,5,4,3,5,5,6,2,8,0,4,3,5,3,3,3,3,0,0,3,6,5,6,4,5,7,6,6,6,5,5,3,4,5,5,5,6,5,4,9,5,3,6,5,4,4,4,7,5,3,6,3,4,9,5,3,5,9,5,5,6,5,6,9,5,5,5,8,5,8,5,9,8,6,9,9,5,5,4,5,5,5,8,5,7,5,5,5,6,3,9,3,5,6,5,5,9,9,5,5,5,5,5,7,6,4,5,7,5,5,5,5,6,5,4,6,6,7,6,4,7,4,4,4,4,5,9,5,9,4,5,3,6,4,3,6,4,4,4,4,5,9,9,4,9,5,4,3,5,4,5,3,5,9,5
"OR795380.1_|Human_respiratory_syncytial_virus_A_isolate_hRSV/A/Germany/19-02632/2019,_complete_genome",15,4,3,4,3,6,4,4,3,5,3,6,3,3,7,5,4,3,5,5,6,2,8,0,4,3,5,3,3,3,3,0,0,3,6,5,6,4,5,7,6,6,6,5,5,3,4,5,5,5,6,5,4,9,5,3,6,5,4,4,4,7,5,3,6,3,4,9,5,3,5,9,5,5,6,5,6,9,5,5,5,8,5,8,5,9,8,6,9,9,5,5,4,5,5,5,8,5,7,5,5,5,6,3,9,3,5,6,5,5,9,9,5,5,5,5,5,7,6,4,5,7,5,5,5,5,6,5,4,6,6,7,6,4,7,4,4,4,4,5,9,5,9,4,5,3,6,4,3,6,4,4,4,4,5,9,9,4,9,5,4,3,5,4,5,3,5,9,5
"OR795381.1_|Human_respiratory_syncytial_virus_A_isolate_hRSV/A/Germany/19-02698/2019,_complete_genome",16,1,0,1,0,3,1,1,0,2,0,3,0,0,4,2,1,0,2,2,4,1,5,3,1,0,2,0,0,0,0,3,3,0,3,2,3,1,2,4,3,3,4,2,2,0,1,2,2,2,4,2,2,6,2,0,3,2,2,3,1,4,2,0,3,0,1,6,2,0,2,6,2,2,3,2,3,6,2,2,2,5,2,5,2,6,5,3,6,6,2,2,1,2,2,2,5,2,4,2,2,2,3,0,6,0,2,3,2,2,6,6,2,2,2,2,2,4,3,1,2,4,2,2,2,2,3,2,1,3,3,4,3,1,4,1,1,1,1,2,6,2,6,1,2,0,3,1,0,3,1,1,1,1,2,6,6,1,6,2,1,2,2,1,2,0,2,6,2
"OR795382.1_|Human_respiratory_syncytial_virus_A_isolate_hRSV/A/Germany/19-02773/2019,_complete_genome",19,4,2,4,2,6,4,4,3,4,2,6,3,3,7,1,4,3,5,5,7,4,8,6,4,3,5,3,3,3,3,6,6,3,0,5,2,3,1,7,6,6,7,5,5,2,3,5,5,5,7,5,5,9,5,3,5,5,5,6,4,7,5,3,6,3,4,9,5,3,5,9,5,5,6,5,6,9,5,5,5,7,5,8,5,9,8,6,9,9,5,5,4,5,5,5,8,5,7,5,5,5,6,3,9,3,5,6,5,5,9,9,5,5,5,5,5,7,6,4,5,7,5,5,5,5,6,5,4,6,6,7,6,4,7,4,4,3,4,5,9,5,9,3,5,3,2,4,3,6,4,4,4,3,5,9,9,4,9,4,4,5,5,4,5,3,5,9,5
"OR795383.1_|Human_respiratory_syncytial_virus_A_isolate_hRSV/A/Germany/19-02912/2019,_complete_genome",19,3,2,3,2,5,3,3,2,4,2,5,2,2,6,4,3,2,4,4,6,3,7,5,3,2,4,2,2,2,2,5,5,2,5,0,5,3,4,6,5,5,6,2,2,2,3,4,4,4,6,2,2,6,4,2,5,4,4,5,3,6,4,2,5,2,3,8,4,2,4,8,4,4,5,4,5,8,4,4,4,7,4,7,4,8,7,5,8,8,4,4,3,4,4,4,7,4,6,4,4,4,5,2,8,2,2,5,4,4,8,8,4,4,4,4,4,6,5,3,4,6,4,4,4,4,5,4,3,5,5,6,5,3,6,3,3,3,3,4,6,4,6,3,4,2,5,3,2,5,3,3,3,3,4,6,6,3,6,4,3,4,4,3,4,2,4,6,4
"OR795384.1_|Human_respiratory_syncytial_virus_A_isolate_hRSV/A/Germany/20-00993/2019,_complete_genome",18,4,2,4,2,6,4,4,2,4,2,6,3,3,7,1,4,3,5,5,6,4,7,6,4,3,5,3,3,3,3,6,6,3,2,5,0,3,1,7,6,6,6,5,5,2,3,5,5,5,6,5,5,9,5,2,5,5,5,6,4,7,5,3,6,3,4,8,5,3,5,8,5,5,6,5,6,8,5,5,5,7,5,7,5,8,8,6,8,8,5,5,4,5,5,5,7,5,7,5,5,5,6,3,8,3,5,6,5,5,8,8,5,5,5,5,5,6,6,4,5,7,5,5,5,5,5,5,4,5,6,6,5,4,7,4,4,3,4,5,9,5,9,3,5,3,0,4,3,6,4,4,4,3,5,9,9,4,9,4,4,5,5,4,5,3,5,9,5
"OR795385.1_|Human_respiratory_syncytial_virus_A_isolate_hRSV/A/Germany/20-01713/2020,_complete_genome",16,2,1,2,1,3,2,2,1,3,1,4,1,1,5,2,2,1,3,3,5,2,6,4,2,1,3,1,1,1,1,4,4,1,3,3,3,0,2,5,4,4,5,3,3,1,0,3,3,3,5,3,3,7,3,1,4,3,3,4,2,5,3,1,4,1,2,7,3,1,3,7,2,3,4,3,4,7,3,3,3,6,3,6,3,7,6,4,7,7,3,3,2,3,3,3,6,3,5,3,3,3,4,1,7,1,3,4,3,3,7,7,3,3,3,3,3,5,4,2,3,5,3,3,3,3,4,3,2,4,4,5,4,2,5,2,2,2,2,3,7,3,7,2,3,1,3,2,1,4,2,2,2,2,3,7,7,2,7,3,2,3,3,2,3,1,3,7,3
"OR795386.1_|Human_respiratory_syncytial_virus_A_isolate_hRSV/A/Germany/20-01833/2020,_complete_genome",18,3,1,3,1,5,3,3,2,3,1,5,2,2,6,0,3,2,4,4,6,3,7,5,3,2,4,2,2,2,2,5,5,2,1,4,1,2,0,6,5,5,6,4,4,1,2,4,4,4,6,4,4,8,4,2,4,4,4,5,3,6,4,2,5,2,3,8,4,2,4,8,4,4,5,4,5,8,4,4,4,6,4,7,4,8,7,5,8,8,4,4,3,4,4,4,7,4,6,4,4,4,5,2,8,2,4,5,4,4,8,8,4,4,4,4,4,6,5,3,4,6,4,4,4,4,5,4,3,5,5,6,5,3,6,3,3,2,3,4,8,4,8,2,4,2,1,3,2,5,3,3,3,2,4,8,8,3,8,3,3,4,4,3,4,2,4,8,4
"OR795387.1_|Human_respiratory_syncytial_virus_A_isolate_hRSV/A/Germany/20-01906/2020,_complete_genome",18,5,4,5,4,7,5,5,4,6,4,7,4,4,8,6,5,4,6,5,7,5,8,7,5,4,6,4,4,4,4,7,7,4,7,6,7,5,6,0,7,7,7,7,7,4,5,6,6,6,7,7,7,10,6,4,7,6,6,7,5,0,6,4,7,4,5,9,6,4,6,9,6,6,7,6,7,9,6,6,6,9,6,8,6,9,9,7,9,9,6,6,5,6,6,6,8,6,8,6,6,6,7,4,9,4,6,7,6,6,9,9,6,6,6,6,6,7,7,5,6,8,6,6,6,6,6,6,5,6,7,7,6,5,4,5,5,5,5,6,10,6,10,5,6,4,7,5,4,7,5,5,5,5,6,10,10,5,10,6,5,6,6,5,6,4,6,10,6
"OR795388.1_|Human_respiratory_syncytial_virus_A_isolate_hRSV/A/Germany/20-01942/2020,_complete_genome",16,4,3,4,3,6,4,2,3,5,3,5,3,3,7,5,4,3,5,5,7,4,8,6,2,3,5,3,3,3,3,6,6,3,6,5,6,4,5,7,0,6,7,5,5,3,4,5,1,3,7,5,5,9,1,3,6,5,5,6,4,7,1,3,2,3,4,9,1,3,1,9,5,1,2,1,2,9,1,5,5,4,1,8,1,9,4,2,9,9,1,1,4,5,5,5,8,5,3,1,1,1,2,3,9,3,5,2,1,1,9,9,1,1,1,1,1,7,2,4,1,3,1,1,1,1,5,1,4,6,2,7,5,4,7,4,4,4,4,5,9,5,9,4,1,3,6,4,3,6,4,4,4,4,5,9,9,4,9,5,4,5,1,4,3,3,3,9,5
"OR795389.1_|Human_respiratory_syncytial_virus_A_isolate_hRSV/A/Germany/20-02002/2020,_complete_genome",16,4,3,4,3,6,4,4,3,5,3,6,3,3,7,5,2,3,5,5,7,4,8,6,4,3,5,3,3,3,3,6,6,3,6,5,6,4,5,7,6,0,7,5,5,3,4,5,5,5,7,5,5,7,5,3,6,5,5,6,4,7,5,3,6,3,4,9,5,3,5,9,5,5,6,5,6,9,5,4,4,6,5,8,5,9,8,6,9,9,5,5,4,4,4,4,8,5,7,5,5,5,6,3,9,3,5,6,5,5,9,9,5,5,5,5,5,7,6,4,5,7,5,5,5,5,6,5,3,6,6,7,6,4,7,4,4,4,4,3,7,3,7,4,5,3,6,4,3,6,4,4,4,4,5,7,7,2,7,5,4,5,5,4,5,3,5,7,3
"OR795390.1_|Human_respiratory_syncytial_virus_A_isolate_hRSV/A/Germany/20-02231/2020,_complete_genome",17,5,4,5,4,7,5,5,4,6,4,7,4,4,8,6,5,4,6,6,0,5,3,6,5,4,6,4,4,4,4,6,6,4,7,6,6,5,6,7,7,7,0,6,6,4,5,6,6,6,0,6,6,10,6,4,6,6,4,6,5,7,6,4,7,4,5,4,6,4,6,4,6,6,7,6,7,4,6,6,6,9,6,3,6,2,9,7,4,4,6,6,5,6,6,6,1,6,8,6,6,6,7,4,4,4,6,7,6,6,4,2,6,6,6,6,6,2,7,5,6,8,6,6,6,6,1,6,5,1,7,2,1,5,6,4,5,5,5,6,10,6,10,5,6,4,6,5,4,7,5,5,5,5,6,10,10,5,10,6,5,6,6,5,6,4,6,10,6
"OR795391.1_|Human_respiratory_syncytial_virus_A_isolate_hRSV/A/Germany/20-02311/2020,_complete_genome",18,3,2,3,2,5,3,3,2,3,2,5,2,2,6,4,3,2,4,4,6,3,7,5,3,2,4,2,2,2,2,5,5,2,5,2,5,3,4,7,5,5,6,0,0,2,3,4,4,4,6,0,0,6,4,2,4,4,4,5,3,6,4,2,5,2,3,8,4,2,4,8,4,4,5,4,5,8,4,4,4,6,4,7,4,8,7,5,8,8,4,4,3,4,4,4,7,4,6,4,4,4,5,2,8,2,4,5,4,4,8,8,4,4,4,4,4,6,5,3,4,6,4,4,4,4,5,4,3,5,5,6,5,3,6,3,3,3,3,4,6,4,6,3,4,2,5,3,2,5,3,3,3,3,4,6,6,3,6,4,3,4,4,3,4,2,4,6,4
"OR795392.1_|Human_respiratory_syncytial_virus_A_isolate_hRSV/A/Germany/20-02443/2020,_complete_genome",18,3,2,3,2,5,3,3,2,3,2,5,2,2,6,4,3,2,4,4,6,3,7,5,3,2,4,2,2,2,2,5,5,2,5,2,5,3,4,7,5,5,6,0,0,2,3,4,4,4,6,0,0,6,4,2,4,4,4,5,3,6,4,2,5,2,3,8,4,2,4,8,4,4,5,4,5,8,4,4,4,6,4,7,4,8,7,5,8,8,4,4,3,4,4,4,7,4,6,4,4,4,5,2,8,2,4,5,4,4,8,8,4,4,4,4,4,6,5,3,4,6,4,4,4,4,5,4,3,5,5,6,5,3,6,3,3,3,3,4,6,4,6,3,4,2,5,3,2,5,3,3,3,3,4,6,6,3,6,4,3,4,4,3,4,2,4,6,4
"OR795393.1_|Human_respiratory_syncytial_virus_A_isolate_hRSV/A/Germany/20-02446/2020,_complete_genome",16,1,0,1,0,3,1,1,0,2,0,3,0,0,4,1,1,0,2,2,4,1,5,3,1,0,2,0,0,0,0,3,3,0,2,2,2,1,1,4,3,3,4,2,2,0,1,2,2,2,4,2,2,6,2,0,3,2,2,3,1,4,2,0,3,0,1,6,2,0,2,6,2,2,3,2,3,6,2,2,2,5,2,5,2,6,5,3,6,6,2,2,1,2,2,2,5,2,4,2,2,2,3,0,6,0,2,3,2,2,6,6,2,2,2,2,2,4,3,1,2,4,2,2,2,2,3,2,1,3,3,4,3,1,4,1,1,1,1,2,6,2,6,1,2,0,2,1,0,3,1,1,1,1,2,6,6,1,6,2,1,2,2,1,2,0,2,6,2
"OR795394.1_|Human_respiratory_syncytial_virus_A_isolate_hRSV/A/Germany/20-02470/2020,_complete_genome",16,2,1,2,1,3,2,2,1,3,1,4,1,1,5,2,2,1,3,3,5,2,6,4,2,1,3,1,1,1,1,4,4,1,3,3,3,0,2,5,4,4,5,3,3,1,0,3,3,3,5,3,3,7,3,1,4,3,3,4,2,5,3,1,4,1,2,7,3,1,3,7,2,3,4,3,4,7,3,3,3,6,3,6,3,7,6,4,7,7,3,3,2,3,3,3,6,3,5,3,3,3,4,1,7,1,3,4,3,3,7,7,3,3,3,3,3,5,4,2,3,5,3,3,3,3,4,3,2,4,4,5,4,2,5,2,2,2,2,3,7,3,7,2,3,1,3,2,1,4,2,2,2,2,3,7,7,2,7,3,2,3,3,2,3,1,3,7,3
"OR795395.1_|Human_respiratory_syncytial_virus_A_isolate_hRSV/A/Germany/20-02591/2020,_complete_genome",18,3,2,3,2,5,3,3,2,4,2,3,2,2,6,4,3,2,4,4,6,3,7,5,3,2,4,2,2,2,2,5,5,2,5,4,5,3,4,6,5,5,6,4,4,2,3,0,4,4,6,4,4,8,4,2,5,4,4,5,3,6,4,2,5,2,3,8,4,2,4,8,4,4,5,4,5,8,4,4,4,7,4,7,4,8,7,5,8,8,4,4,3,4,4,4,7,4,6,4,4,4,5,2,8,2,4,5,4,4,8,8,4,4,4,4,4,6,5,3,4,6,4,4,4,4,5,4,3,5,3,6,5,3,6,3,3,3,3,4,8,4,8,3,4,2,5,3,2,5,3,3,3,3,4,8,8,3,8,4,3,4,4,3,4,2,4,8,4
"OR795396.1_|Human_respiratory_syncytial_virus_A_isolate_hRSV/A/Germany/20-02604/2020,_complete_genome",15,3,2,3,2,5,3,1,2,4,2,4,2,2,6,4,3,2,4,4,6,3,7,5,1,2,4,2,2,2,2,5,5,2,5,4,5,3,4,6,1,5,6,4,4,2,3,4,0,2,6,4,4,8,0,2,5,4,4,5,3,6,0,2,1,2,3,8,0,2,0,8,4,0,1,0,1,8,0,4,4,3,0,7,0,8,3,1,8,8,0,0,3,4,4,4,7,4,2,0,0,0,1,2,8,2,4,1,0,0,8,8,0,0,0,0,0,6,1,3,0,2,0,0,0,0,4,0,3,5,1,6,4,3,6,3,3,3,3,4,8,4,8,3,0,2,5,3,2,5,3,3,3,3,4,8,8,3,8,4,3,4,0,3,2,2,2,8,4
"OR795397.1_|Human_respiratory_syncytial_virus_A_isolate_hRSV/A/Germany/20-02637/2020,_complete_genome",15,3,2,3,2,5,3,1,2,4,2,5,2,2,6,4,3,2,4,2,6,3,7,5,1,2,4,2,2,2,2,5,5,2,5,4,5,3,4,6,3,5,6,4,4,2,3,4,2,0,6,4,4,8,2,2,5,4,4,5,3,6,2,2,3,2,3,8,2,2,2,8,4,2,3,2,3,8,2,4,4,5,2,7,2,8,5,3,8,8,2,2,3,4,4,4,7,4,4,2,2,2,3,2,8,2,4,3,2,2,8,8,2,2,2,2,2,6,3,3,2,4,2,2,2,2,5,2,3,5,3,6,5,3,6,3,3,3,3,4,8,4,8,3,2,2,5,3,2,5,3,3,3,3,4,8,8,3,8,4,3,4,2,3,0,2,0,8,4
"OR795398.1_|Human_respiratory_syncytial_virus_A_isolate_hRSV/A/Germany/20-02660/2020,_complete_genome",17,5,4,5,4,7,5,5,4,6,4,7,4,4,8,6,5,4,6,6,0,5,3,6,5,4,6,4,4,4,4,6,6,4,7,6,6,5,6,7,7,7,0,6,6,4,5,6,6,6,0,6,6,10,6,4,6,6,4,6,5,7,6,4,7,4,5,4,6,4,6,4,6,6,7,6,7,4,6,6,6,9,6,3,6,2,9,7,4,4,6,6,5,6,6,6,1,6,8,6,6,6,7,4,4,4,6,7,6,6,4,2,6,6,6,6,6,2,7,5,6,8,6,6,6,6,1,6,5,1,7,2,1,5,6,4,5,5,5,6,10,6,10,5,6,4,6,5,4,7,5,5,5,5,6,10,10,5,10,6,5,6,6,5,6,4,6,10,6
"OR795399.1_|Human_respiratory_syncytial_virus_A_isolate_hRSV/A/Germany/20-02684/2020,_complete_genome",18,3,2,3,2,5,3,3,2,3,2,5,2,2,6,4,3,2,4,4,6,3,7,5,3,2,4,2,2,2,2,5,5,2,5,2,5,3,4,7,5,5,6,0,0,2,3,4,4,4,6,0,0,6,4,2,4,4,4,5,3,6,4,2,5,2,3,8,4,2,4,8,4,4,5,4,5,8,4,4,4,6,4,7,4,8,7,5,8,8,4,4,3,4,4,4,7,4,6,4,4,4,5,2,8,2,4,5,4,4,8,8,4,4,4,4,4,6,5,3,4,6,4,4,4,4,5,4,3,5,5,6,5,3,6,3,3,3,3,4,6,4,6,3,4,2,5,3,2,5,3,3,3,3,4,6,6,3,6,4,3,4,4,3,4,2,4,6,4
"OR795400.1_|Human_respiratory_syncytial_virus_A_isolate_hRSV/A/Germany/20-02689/2020,_complete_genome",17,3,2,3,2,5,3,3,2,3,2,5,2,2,6,4,3,2,4,4,6,3,7,4,3,2,4,2,2,2,2,4,4,2,5,2,5,3,4,7,5,5,6,0,0,2,3,4,4,4,6,0,0,6,4,2,4,4,4,4,3,6,4,2,5,2,3,8,4,2,4,8,4,4,5,4,5,8,4,4,4,6,4,7,4,8,7,5,8,8,4,4,3,4,4,4,7,4,6,4,4,4,5,2,8,2,4,5,4,4,8,8,4,4,4,4,4,6,5,3,4,6,4,4,4,4,5,4,3,5,5,6,5,3,6,3,3,3,3,4,6,4,6,3,4,2,5,3,2,5,3,3,3,3,4,6,6,3,6,4,3,4,4,3,4,2,4,6,4
"OR795401.1_|Human_respiratory_syncytial_virus_A_isolate_hRSV/A/Germany/20-02702/2020,_complete_genome",20,7,6,7,6,9,7,7,6,8,6,9,6,6,10,8,5,6,8,8,10,7,11,9,7,6,8,6,6,6,6,9,9,6,9,6,9,7,8,10,9,7,10,6,6,6,7,8,8,8,10,6,6,0,8,6,9,8,8,9,7,10,8,6,9,6,7,12,8,6,8,12,8,8,9,8,9,12,8,8,8,11,8,11,8,12,10,9,12,12,8,8,7,8,8,8,11,8,10,8,8,8,9,6,12,6,8,9,8,8,12,12,8,8,8,8,8,10,9,7,8,10,8,8,7,8,9,8,7,9,9,10,9,7,10,7,7,7,7,8,0,8,0,7,8,6,9,7,6,9,7,7,7,7,8,0,0,5,0,8,7,8,8,7,8,6,8,0,8
"OR795402.1_|Human_respiratory_syncytial_virus_A_isolate_hRSV/A/Germany/20-02704/2020,_complete_genome",15,3,2,3,2,5,3,1,2,4,2,4,2,2,6,4,3,2,4,4,6,3,7,5,1,2,4,2,2,2,2,5,5,2,5,4,5,3,4,6,1,5,6,4,4,2,3,4,0,2,6,4,4,8,0,2,5,4,4,5,3,6,0,2,1,2,3,8,0,2,0,8,4,0,1,0,1,8,0,4,4,3,0,7,0,8,3,1,8,8,0,0,3,4,4,4,7,4,2,0,0,0,1,2,8,2,4,1,0,0,8,8,0,0,0,0,0,6,1,3,0,2,0,0,0,0,4,0,3,5,1,6,4,3,6,3,3,3,3,4,8,4,8,3,0,2,5,3,2,5,3,3,3,3,4,8,8,3,8,4,3,4,0,3,2,2,2,8,4
"OR795403.1_|Human_respiratory_syncytial_virus_A_isolate_hRSV/A/Germany/20-02746/2020,_complete_genome",16,1,0,1,0,3,1,1,0,2,0,3,0,0,4,2,1,0,2,2,4,1,5,3,1,0,2,0,0,0,0,3,3,0,3,2,2,1,2,4,3,3,4,2,2,0,1,2,2,2,4,2,2,6,2,0,3,2,2,3,1,4,2,0,3,0,1,6,2,0,2,6,2,2,3,2,3,6,2,2,2,5,2,5,2,6,5,3,6,6,2,2,1,2,2,2,5,2,4,2,2,2,3,0,6,0,2,3,2,2,6,6,2,2,2,2,2,4,3,1,2,4,2,2,2,2,3,2,1,3,3,4,3,1,4,1,1,1,1,2,6,2,6,1,2,0,2,1,0,3,1,1,1,1,2,6,6,1,6,2,1,2,2,1,2,0,2,6,2
"OR795404.1_|Human_respiratory_syncytial_virus_A_isolate_hRSV/A/Germany/20-02765/2020,_complete_genome",18,4,3,4,3,6,4,4,3,3,3,4,3,3,7,4,4,3,5,5,6,4,8,6,4,3,5,3,3,3,3,6,6,3,5,5,5,4,4,7,6,6,6,4,4,3,4,5,5,5,6,4,4,9,5,3,0,5,5,6,4,7,5,3,6,3,4,9,5,3,5,9,5,5,6,5,6,9,5,5,5,6,5,8,5,8,8,6,9,9,5,5,4,5,5,5,7,5,7,5,5,5,6,3,9,3,5,6,5,5,9,8,5,5,5,5,5,7,6,4,5,7,5,5,5,5,6,5,4,5,6,7,6,4,6,4,4,4,4,5,9,5,9,4,5,3,5,4,3,6,4,4,4,4,5,9,9,4,9,5,4,5,5,4,5,3,5,9,5
"OR795405.1_|Human_respiratory_syncytial_virus_A_isolate_hRSV/A/Germany/20-02910/2020,_complete_genome",18,3,2,3,2,5,3,3,2,4,2,5,2,2,6,4,3,2,4,4,6,3,7,5,3,2,4,2,2,2,2,5,5,2,5,4,5,3,4,6,5,5,6,4,4,2,3,4,4,4,6,4,4,8,4,2,5,0,4,5,3,6,4,2,5,2,3,8,4,2,4,8,4,4,5,4,5,8,4,4,4,7,4,7,4,8,7,5,8,8,4,4,3,4,4,4,7,4,6,4,4,4,5,2,8,2,4,5,4,4,8,8,4,4,4,4,4,6,5,3,4,6,4,4,4,4,5,4,3,5,5,6,5,3,6,3,3,3,1,4,8,4,8,3,4,2,5,3,2,5,3,3,3,3,4,8,8,3,8,4,3,4,4,3,4,2,4,8,4
"OR795406.1_|Human_respiratory_syncytial_virus_A_isolate_hRSV/A/Germany/20-02934/2020,_complete_genome",16,3,2,3,2,5,3,3,2,4,2,5,2,2,6,4,3,2,4,4,4,3,5,4,3,2,4,2,2,2,2,4,4,2,5,4,5,3,4,6,5,5,4,4,4,2,3,4,4,4,4,4,4,8,4,2,5,4,0,4,3,6,4,2,5,2,3,6,4,2,4,6,4,4,5,4,5,6,4,4,4,7,4,5,4,6,7,5,6,6,4,4,3,4,4,4,5,4,6,4,4,4,5,2,6,2,4,5,4,4,6,6,4,4,4,4,4,4,5,3,4,6,4,4,4,4,3,4,3,3,5,4,3,3,6,3,3,3,3,4,8,4,8,3,4,2,5,3,2,5,3,3,3,3,4,8,8,3,8,4,3,4,4,3,4,2,4,8,4
"OR795407.1_|Human_respiratory_syncytial_virus_A_isolate_hRSV/A/Germany/20-03302/2020,_complete_genome",17,4,3,4,3,6,4,4,3,5,3,6,3,3,7,5,4,3,5,5,6,4,8,4,4,3,5,3,3,3,3,4,4,3,6,5,6,4,5,7,6,6,6,5,5,3,4,5,5,5,6,5,4,9,5,3,6,5,4,0,4,7,5,3,6,2,4,9,5,3,5,9,5,5,6,5,4,9,5,5,5,8,5,8,5,9,7,6,9,9,5,5,4,5,5,5,8,5,7,5,5,5,6,2,9,2,5,6,5,5,9,9,5,5,5,5,5,7,6,3,5,7,5,5,5,5,6,5,4,6,6,7,6,4,7,4,4,4,4,5,9,5,9,4,5,3,6,4,3,6,4,4,4,4,5,9,9,4,9,5,4,2,5,4,5,3,5,9,5
"OR795408.1_|Human_respiratory_syncytial_virus_A_isolate_hRSV/A/Germany/20-03353/2020,_complete_genome",17,2,1,2,1,4,2,2,1,3,1,4,1,1,5,3,2,1,3,3,5,2,6,4,2,1,3,1,1,1,1,4,4,1,4,3,4,2,3,5,4,4,5,3,3,1,2,3,3,3,5,3,3,7,3,1,4,3,3,4,0,5,3,1,4,1,2,7,3,1,3,7,3,3,4,3,4,7,3,3,3,6,3,6,3,7,6,4,7,7,3,3,2,3,3,3,6,3,5,3,3,3,4,1,7,1,3,4,3,3,7,7,3,3,3,3,3,5,4,2,3,5,3,3,3,3,4,3,2,4,4,5,4,0,5,2,0,2,2,3,7,3,7,2,3,1,4,0,1,4,0,0,0,2,3,7,7,2,7,3,0,3,3,0,3,1,3,7,3
"OR795409.1_|Human_respiratory_syncytial_virus_A_isolate_hRSV/A/Germany/20-03521/2020,_complete_genome",18,5,4,5,4,7,5,5,4,6,4,7,4,4,8,6,5,4,6,5,7,5,8,7,5,4,6,4,4,4,4,7,7,4,7,6,7,5,6,0,7,7,7,6,6,4,5,6,6,6,7,6,6,10,6,4,7,6,6,7,5,0,6,4,7,4,5,9,6,4,6,9,6,6,7,6,7,9,6,6,6,9,6,8,6,9,9,7,9,9,6,6,5,6,6,6,8,6,8,6,6,6,7,4,9,4,6,7,6,6,9,9,6,6,6,6,6,7,7,5,6,8,6,6,6,6,6,6,5,6,7,7,6,5,4,5,5,5,5,6,10,6,10,5,6,4,7,5,4,7,5,5,5,5,6,10,10,5,10,6,5,6,6,5,6,4,6,10,6
"OR795410.1_|Human_respiratory_syncytial_virus_A_isolate_hRSV/A/Germany/20-03531/2020,_complete_genome",15,3,2,3,2,5,3,1,2,4,2,5,2,2,6,4,3,2,4,4,6,3,7,5,1,2,4,2,2,2,2,5,5,2,5,4,5,3,4,6,1,5,6,4,4,2,3,4,0,2,6,4,4,8,0,2,5,4,4,5,3,6,0,2,1,2,3,8,0,2,0,8,4,0,1,0,1,8,0,4,4,3,0,7,0,8,3,1,8,8,0,0,3,4,4,4,7,4,2,0,0,0,1,2,8,2,4,1,0,0,8,8,0,0,0,0,0,6,1,3,0,2,0,0,0,0,4,0,3,5,1,6,4,3,6,3,3,3,3,4,8,4,8,3,0,2,5,3,2,5,3,3,3,3,4,8,8,3,8,4,3,4,0,3,2,2,2,8,4
"OR795412.1_|Human_respiratory_syncytial_virus_A_isolate_hRSV/A/Germany/20-03565/2020,_complete_genome",16,1,0,1,0,3,1,1,0,2,1,3,0,0,4,2,1,0,2,2,4,1,5,3,1,0,2,0,0,0,0,3,3,0,3,2,3,1,2,4,3,3,4,2,2,0,1,2,2,2,4,2,2,6,2,0,3,2,2,3,1,4,2,0,3,0,1,6,2,0,2,6,2,2,3,2,3,6,2,2,2,5,2,5,2,6,5,3,6,6,2,2,1,2,2,2,5,2,4,2,2,2,3,0,6,0,2,3,2,2,6,6,2,2,2,2,2,4,3,1,2,4,2,2,2,2,3,2,1,3,3,4,3,1,4,1,1,1,1,2,6,2,6,1,2,0,3,1,0,3,1,1,1,1,2,6,6,1,6,2,1,2,2,1,2,0,2,6,2
"OR795413.1_|Human_respiratory_syncytial_virus_A_isolate_hRSV/A/Germany/21-06264/2021,_complete_genome",16,4,3,4,3,5,4,2,3,5,3,5,3,3,7,5,4,3,5,5,7,4,8,6,2,3,5,3,3,3,3,6,6,3,6,5,6,4,5,7,2,6,7,5,5,3,4,5,1,3,7,5,5,9,1,3,6,5,5,6,4,7,1,3,0,3,4,9,1,3,1,9,5,1,2,1,2,9,1,5,5,4,1,8,1,9,4,2,9,9,1,1,4,5,5,5,8,5,3,1,1,1,2,3,9,3,5,2,1,1,9,9,1,1,1,1,1,7,2,4,1,3,1,1,1,1,5,1,4,6,2,7,5,4,7,4,4,4,4,5,9,5,9,4,1,3,6,4,3,6,4,4,4,4,5,9,9,4,9,5,4,5,1,4,3,3,3,9,5
"OR795414.1_|Human_respiratory_syncytial_virus_A_isolate_hRSV/A/Germany/21-06292/2021,_complete_genome",16,1,0,1,0,3,1,1,0,2,0,3,0,0,4,2,1,0,2,2,4,1,5,3,1,0,2,0,0,0,0,3,3,0,3,2,3,1,2,4,3,3,4,2,2,0,1,2,2,2,4,2,2,6,2,0,3,2,2,2,1,4,2,0,3,0,1,6,2,0,2,6,2,2,3,2,2,6,2,2,2,5,2,5,2,6,5,3,6,6,2,2,1,2,2,2,5,2,4,2,2,2,3,0,6,0,2,3,2,2,6,6,2,2,2,2,2,4,3,1,2,4,2,2,2,2,3,2,1,3,3,4,3,1,4,1,1,1,1,2,6,2,6,1,2,0,3,1,0,3,1,1,1,1,2,6,6,1,6,2,1,1,2,1,2,0,2,6,2
"OR795415.1_|Human_respiratory_syncytial_virus_A_isolate_hRSV/A/Germany/21-06625/2021,_complete_genome",17,2,1,2,1,4,2,2,1,3,1,4,1,1,5,3,2,1,3,3,5,2,6,4,2,1,3,1,1,1,1,4,4,1,4,3,4,2,3,5,4,4,5,3,3,1,2,3,3,3,5,3,3,7,3,1,4,3,3,4,2,5,3,1,4,1,0,7,3,1,3,7,3,3,4,3,4,7,3,3,3,6,3,6,3,7,6,4,7,7,3,3,0,3,3,3,6,3,5,3,3,3,4,1,7,1,1,4,3,3,7,7,3,3,3,3,3,5,4,2,3,5,3,3,3,3,4,3,2,4,4,5,4,2,3,2,2,2,2,3,7,3,7,2,3,1,4,2,1,4,2,2,2,2,3,7,7,2,7,3,2,3,3,2,3,1,3,7,3
"OR795416.1_|Human_respiratory_syncytial_virus_A_isolate_hRSV/A/Germany/21-06819/2021,_complete_genome",19,7,6,7,6,9,7,7,6,8,6,9,6,6,10,8,7,6,8,8,4,7,5,9,7,6,8,6,6,6,6,9,9,6,9,8,8,7,8,9,9,9,4,8,8,6,7,8,8,8,4,8,8,12,8,6,9,8,6,9,7,9,8,6,9,6,7,0,8,6,8,0,8,8,9,8,9,0,8,8,8,11,8,5,8,6,11,9,0,0,8,8,7,8,8,8,5,8,10,8,8,8,9,6,0,6,8,9,8,8,0,6,8,8,8,8,8,4,9,7,8,8,8,8,8,8,3,8,7,3,9,4,3,7,10,7,7,5,7,6,12,6,12,5,8,6,8,7,6,7,7,7,7,5,6,12,12,7,12,6,7,8,8,7,8,6,8,12,6
"OR795417.1_|Human_respiratory_syncytial_virus_A_isolate_hRSV/A/Germany/21-07026/2021,_complete_genome",15,3,2,3,2,5,3,1,2,4,2,5,2,2,6,4,3,2,4,4,6,3,7,5,1,2,4,2,2,2,2,5,5,2,5,4,5,3,4,6,1,5,6,4,4,2,3,4,0,2,6,4,4,8,0,2,5,4,4,5,3,6,0,2,1,2,3,8,0,2,0,8,4,0,1,0,1,8,0,4,4,3,0,7,0,8,3,1,8,8,0,0,3,4,4,4,7,4,2,0,0,0,1,2,8,2,4,1,0,0,8,8,0,0,0,0,0,6,1,3,0,2,0,0,0,0,4,0,3,5,1,6,4,3,6,3,3,3,3,4,8,4,8,3,0,2,5,3,2,5,3,3,3,3,4,8,8,3,8,4,3,4,0,3,2,2,2,8,4
"OR795418.1_|Human_respiratory_syncytial_virus_A_isolate_hRSV/A/Germany/21-07063/2021,_complete_genome",16,1,0,1,0,3,1,1,0,2,0,3,0,0,4,2,1,0,2,2,4,1,5,3,1,0,2,0,0,0,0,3,3,0,3,2,3,1,2,4,3,3,4,2,2,0,1,2,2,2,4,2,2,6,2,0,3,2,2,3,1,4,2,0,3,0,1,6,2,0,2,6,2,2,3,2,3,6,2,2,2,5,2,5,2,6,5,3,6,6,2,2,1,2,2,2,5,2,4,2,2,2,3,0,6,0,2,3,2,2,6,6,2,2,2,2,2,4,3,1,2,4,2,2,2,2,3,2,1,3,3,4,3,1,4,1,1,1,1,2,6,2,6,1,2,0,3,1,0,3,1,1,1,1,2,6,6,1,6,2,1,2,2,1,2,0,2,6,2
"OR795419.1_|Human_respiratory_syncytial_virus_A_isolate_hRSV/A/Germany/21-07100/2021,_complete_genome",15,3,2,3,2,5,3,1,2,4,2,5,2,2,6,4,3,2,4,4,6,3,7,5,1,2,4,2,2,2,2,5,5,2,5,4,5,3,4,6,1,5,6,4,4,2,3,4,0,2,6,4,4,8,0,2,5,4,4,5,3,6,0,2,1,2,3,8,0,2,0,8,4,0,1,0,1,8,0,4,4,3,0,7,0,8,3,1,8,8,0,0,3,4,4,4,7,4,2,0,0,0,1,2,8,2,4,1,0,0,8,8,0,0,0,0,0,6,1,3,0,2,0,0,0,0,4,0,3,5,1,6,4,3,6,3,3,3,3,4,8,4,8,3,0,2,5,3,2,5,3,3,3,3,4,8,8,3,8,4,3,4,0,3,2,2,2,8,4
"OR795420.1_|Human_respiratory_syncytial_virus_A_isolate_hRSV/A/Germany/21-07170/2021,_complete_genome",19,7,6,7,6,9,7,7,6,8,6,9,6,6,10,8,7,6,8,8,4,7,5,9,7,6,8,6,6,6,6,9,9,6,9,8,8,7,8,9,9,9,4,8,8,6,7,8,8,8,4,8,8,12,8,6,9,8,6,9,7,9,8,6,9,6,7,0,8,6,8,0,8,8,9,8,9,0,8,8,8,11,8,5,8,6,11,9,0,0,8,8,7,8,8,8,5,8,10,8,8,8,9,6,0,6,8,9,8,8,0,6,8,8,8,8,8,4,9,7,8,8,8,8,8,8,3,8,7,3,9,4,3,7,10,7,7,5,7,6,12,6,12,5,8,6,8,7,6,7,7,7,7,5,6,12,12,7,12,6,7,8,8,7,8,6,8,12,6
"OR795421.1_|Human_respiratory_syncytial_virus_A_isolate_hRSV/A/Germany/21-07326/2021,_complete_genome",17,3,2,3,2,5,3,3,2,4,2,5,2,2,6,4,3,2,4,4,6,3,7,5,3,2,4,2,2,2,2,5,5,2,5,4,5,2,4,6,5,5,6,4,4,2,2,4,4,4,6,4,4,8,4,2,5,4,4,5,3,6,4,2,5,2,3,8,4,2,4,8,0,4,5,4,5,8,4,4,4,7,4,7,4,8,7,5,8,8,4,4,3,4,4,4,7,0,6,4,4,4,5,2,8,2,4,5,4,4,8,8,4,4,4,4,4,6,5,3,4,6,4,4,4,4,5,4,3,5,5,6,5,3,6,3,3,4,3,4,8,4,8,4,4,2,5,3,2,5,3,3,3,4,4,8,8,3,8,5,3,4,4,3,4,2,4,8,4
"OR795422.1_|Human_respiratory_syncytial_virus_A_isolate_hRSV/A/Germany/21-07357/2021,_complete_genome",15,3,2,3,2,5,3,1,2,4,2,4,2,2,6,4,3,2,4,4,6,3,7,5,1,2,4,2,2,2,2,5,5,2,5,4,5,3,4,6,1,5,6,4,4,2,3,4,0,2,6,4,4,8,0,2,5,4,4,5,3,6,0,2,1,2,3,8,0,2,0,8,4,0,1,0,1,8,0,4,4,3,0,7,0,8,3,1,8,8,0,0,3,4,4,4,7,4,2,0,0,0,1,2,8,2,4,1,0,0,8,8,0,0,0,0,0,6,1,3,0,2,0,0,0,0,4,0,3,5,1,6,4,3,6,3,3,3,3,4,8,4,8,3,0,2,5,3,2,5,3,3,3,3,4,8,8,3,8,4,3,4,0,3,2,2,2,8,4
"OR795423.1_|Human_respiratory_syncytial_virus_A_isolate_hRSV/A/Germany/22-00203/2021,_complete_genome",16,4,3,4,3,4,4,2,3,5,3,6,3,3,7,5,4,3,3,5,7,4,8,6,2,3,3,3,3,3,3,6,6,3,6,5,6,4,5,7,2,6,7,5,5,3,4,5,1,3,7,5,5,9,1,3,6,5,5,6,4,7,1,3,2,3,4,9,1,3,1,9,5,1,0,1,2,9,1,5,5,4,1,8,1,9,4,0,9,9,1,1,4,5,5,5,8,5,1,1,1,1,0,3,9,3,5,2,1,1,9,9,1,1,1,1,1,7,2,4,1,3,1,1,1,1,5,1,4,6,2,7,5,4,7,4,4,4,4,5,9,5,9,4,1,3,6,4,3,4,4,4,4,4,3,9,9,4,9,5,4,5,1,4,3,3,3,9,5
"OR795424.1_|Human_respiratory_syncytial_virus_A_isolate_hRSV/A/Germany/22-00271/2021,_complete_genome",15,3,2,3,2,5,3,1,2,4,2,5,2,2,6,4,3,2,4,4,6,3,7,5,1,2,4,2,2,2,2,5,5,2,5,4,5,3,4,6,1,5,6,4,4,2,3,4,0,2,6,4,4,8,0,2,5,4,4,5,3,6,0,2,1,2,3,8,0,2,0,8,4,0,1,0,1,8,0,4,4,3,0,7,0,8,3,1,8,8,0,0,3,4,4,4,7,4,2,0,0,0,1,2,8,2,4,1,0,0,8,8,0,0,0,0,0,6,1,3,0,2,0,0,0,0,4,0,3,5,1,6,4,3,6,3,3,3,3,4,8,4,8,3,0,2,5,3,2,5,3,3,3,3,4,8,8,3,8,4,3,4,0,3,2,2,2,8,4
"OR795425.1_|Human_respiratory_syncytial_virus_A_isolate_hRSV/A/Germany/22-00290/2021,_complete_genome",16,4,3,4,3,6,4,2,3,5,3,6,3,3,7,5,4,3,5,5,7,4,8,6,2,3,5,3,3,3,3,6,6,3,6,5,6,4,5,7,2,6,7,5,5,3,4,5,1,3,7,5,5,9,1,3,6,5,5,4,4,7,1,3,2,2,4,9,1,3,1,9,5,1,2,1,0,9,1,5,5,4,1,8,1,9,4,2,9,9,1,1,4,5,5,5,8,5,3,1,1,1,2,2,9,2,5,2,1,1,9,9,1,1,1,1,1,7,2,3,1,3,1,1,1,1,5,1,4,6,2,7,5,4,7,4,4,4,4,5,9,5,9,4,1,3,6,4,3,6,4,4,4,4,5,9,9,4,9,5,4,3,1,4,3,3,3,9,5
"OR795426.1_|Human_respiratory_syncytial_virus_A_isolate_hRSV/A/Germany/22-00345/2021,_complete_genome",19,7,6,7,6,9,7,7,6,8,6,9,6,6,10,8,7,6,8,8,4,7,5,9,7,6,8,6,6,6,6,9,9,6,9,8,8,7,8,9,9,9,4,8,8,6,7,8,8,8,4,8,8,12,8,6,9,8,6,9,7,9,8,6,9,6,7,0,8,6,8,0,8,8,9,8,9,0,8,8,8,11,8,5,8,6,11,9,0,0,8,8,7,8,8,8,5,8,10,8,8,8,9,6,0,6,8,9,8,8,0,6,8,8,8,8,8,4,9,7,8,8,8,8,8,8,3,8,7,3,9,4,3,7,10,7,7,5,7,6,12,6,12,5,8,6,8,7,6,7,7,7,7,5,6,12,12,7,12,6,7,8,8,7,8,6,8,12,6
"OR795427.1_|Human_respiratory_syncytial_virus_A_isolate_hRSV/A/Germany/22-00373/2021,_complete_genome",15,3,2,3,2,5,3,1,2,4,2,5,2,2,6,4,3,2,4,4,6,3,7,5,1,2,4,2,2,2,2,5,5,2,5,4,5,3,4,6,1,5,6,4,4,2,3,4,0,2,6,4,4,8,0,2,5,4,4,5,3,6,0,2,1,2,3,8,0,2,0,8,4,0,1,0,1,8,0,4,4,3,0,7,0,8,3,1,8,8,0,0,3,4,4,4,7,4,2,0,0,0,1,2,8,2,4,1,0,0,8,8,0,0,0,0,0,6,1,3,0,2,0,0,0,0,4,0,3,5,1,6,4,3,6,3,3,3,3,4,8,4,8,3,0,2,5,3,2,5,3,3,3,3,4,8,8,3,8,4,3,4,0,3,2,2,2,8,4
"OR795428.1_|Human_respiratory_syncytial_virus_A_isolate_hRSV/A/Germany/22-00458/2021,_complete_genome",16,3,2,3,2,5,3,3,2,4,2,5,2,2,6,4,3,2,4,4,6,3,7,5,3,2,4,2,2,2,2,5,5,2,5,4,5,3,4,6,5,4,6,4,4,2,3,4,4,4,6,4,4,8,4,2,5,4,4,5,3,6,4,2,5,2,3,8,4,2,4,8,4,4,5,4,5,8,4,0,0,6,4,7,4,8,7,5,8,8,4,4,3,0,0,0,7,4,6,4,4,4,5,2,8,2,4,5,4,4,8,8,4,4,4,4,4,6,5,3,4,6,4,4,4,4,5,4,1,5,5,6,5,3,6,3,3,3,3,4,8,4,8,3,4,2,5,3,2,5,3,3,3,3,4,8,8,3,8,4,3,4,4,3,4,2,4,8,4
"OR795429.1_|Human_respiratory_syncytial_virus_A_isolate_hRSV/A/Germany/22-00553/2021,_complete_genome",16,3,2,3,2,5,3,3,2,4,2,5,2,2,6,4,3,2,4,4,6,3,7,5,3,2,4,2,2,2,2,5,5,2,5,4,5,3,4,6,5,4,6,4,4,2,3,4,4,4,6,4,4,8,4,2,5,4,4,5,3,6,4,2,5,2,3,8,4,2,4,8,4,4,5,4,5,8,4,0,0,6,4,7,4,8,7,5,8,8,4,4,3,0,0,0,7,4,6,4,4,4,5,2,8,2,4,5,4,4,8,8,4,4,4,4,4,6,5,3,4,6,4,4,4,4,5,4,1,5,5,6,5,3,6,3,3,3,3,4,8,4,8,3,4,2,5,3,2,5,3,3,3,3,4,8,8,3,8,4,3,4,4,3,4,2,4,8,4
"OR795430.1_|Human_respiratory_syncytial_virus_A_isolate_hRSV/A/Germany/22-00668/2021,_complete_genome",17,6,5,6,5,8,6,4,5,5,5,8,5,5,9,6,6,5,7,7,9,6,10,8,4,5,7,5,5,5,5,8,8,5,7,7,7,6,6,9,4,6,9,6,6,5,6,7,3,5,9,6,6,11,3,5,6,7,7,8,6,9,3,5,4,5,6,11,3,5,3,11,7,3,4,3,4,11,3,6,6,0,3,10,3,11,6,4,11,11,3,3,6,6,6,6,10,7,5,3,3,3,4,5,11,5,7,4,3,3,11,11,3,3,3,3,3,9,4,6,3,5,3,3,3,3,7,3,5,7,4,9,7,6,9,6,6,6,6,7,11,7,11,6,3,5,7,6,5,8,6,6,6,6,7,11,11,6,11,7,6,7,3,6,5,5,5,11,7
"OR795431.1_|Human_respiratory_syncytial_virus_A_isolate_hRSV/A/Germany/22-00723/2021,_complete_genome",15,3,2,3,2,5,3,1,2,4,2,5,2,2,6,4,3,2,4,4,6,3,7,5,1,2,4,2,2,2,2,5,5,2,5,4,5,3,4,6,1,5,6,4,4,2,3,4,0,2,6,4,4,8,0,2,5,4,4,5,3,6,0,2,1,2,3,8,0,2,0,8,4,0,1,0,1,8,0,4,4,3,0,7,0,8,3,1,8,8,0,0,3,4,4,4,7,4,2,0,0,0,1,2,8,2,4,1,0,0,8,8,0,0,0,0,0,6,1,3,0,2,0,0,0,0,4,0,3,5,1,6,4,3,6,3,3,3,3,4,8,4,8,3,0,2,5,3,2,5,3,3,3,3,4,8,8,3,8,4,3,4,0,3,2,2,2,8,4
"OR795432.1_|Human_respiratory_syncytial_virus_A_isolate_hRSV/A/Germany/22-00724/2021,_complete_genome",20,6,5,6,5,8,6,6,5,6,5,8,5,5,6,7,6,5,6,7,3,6,4,8,6,5,7,5,5,5,5,8,8,5,8,7,7,6,7,8,8,8,3,7,7,5,6,7,7,7,3,7,7,11,7,5,8,7,5,8,6,8,7,5,8,5,6,5,7,5,7,5,7,7,8,7,8,5,7,7,7,10,7,0,7,5,10,8,5,5,7,7,6,7,7,7,4,7,9,7,7,7,8,5,4,5,7,8,7,7,5,5,7,7,7,7,7,3,8,6,7,9,7,7,7,7,2,7,6,2,8,3,2,6,9,6,6,6,6,7,11,7,11,6,7,5,7,6,5,8,6,6,6,6,7,11,11,6,11,7,6,7,7,6,7,5,7,11,7
"OR795433.1_|Human_respiratory_syncytial_virus_A_isolate_hRSV/A/Germany/22-00726/2021,_complete_genome",15,3,2,3,2,5,3,1,2,4,2,4,2,2,6,4,3,2,4,4,6,3,7,5,1,2,4,2,2,2,2,5,5,2,5,4,5,3,4,6,1,5,6,4,4,2,3,4,0,2,6,4,4,8,0,2,5,4,4,5,3,6,0,2,1,2,3,8,0,2,0,8,4,0,1,0,1,8,0,4,4,3,0,7,0,8,3,1,8,8,0,0,3,4,4,4,7,4,2,0,0,0,1,2,8,2,4,1,0,0,8,8,0,0,0,0,0,6,1,3,0,2,0,0,0,0,4,0,3,5,1,6,4,3,6,3,3,3,3,4,8,4,8,3,0,2,5,3,2,5,3,3,3,3,4,8,8,3,8,4,3,4,0,3,2,2,2,8,4
"OR795434.1_|Human_respiratory_syncytial_virus_A_isolate_hRSV/A/Germany/22-00730/2021,_complete_genome",18,5,6,5,6,9,7,7,6,8,6,9,6,6,10,8,7,6,8,8,2,7,5,9,7,6,8,6,6,6,6,9,9,6,9,8,8,7,8,9,9,9,2,8,8,6,7,8,8,8,2,8,8,12,8,6,8,8,6,9,7,9,8,6,9,6,7,6,8,6,8,6,8,8,9,8,9,6,8,8,8,11,8,5,8,0,11,9,6,6,8,8,7,8,8,8,3,8,10,8,8,8,9,6,6,6,8,9,8,8,6,0,8,8,8,8,8,4,9,7,8,10,8,8,8,8,3,8,7,3,9,4,3,7,8,6,7,7,7,8,12,8,12,7,8,6,8,7,6,9,7,7,7,7,8,12,12,7,12,8,7,8,8,7,8,6,8,12,8
"OR795435.1_|Human_respiratory_syncytial_virus_A_isolate_hRSV/A/Germany/22-00757/2021,_complete_genome",18,6,5,6,5,8,6,4,5,7,5,7,5,5,9,7,6,5,7,7,9,6,10,8,4,5,7,5,5,5,5,8,8,5,8,7,8,6,7,9,4,8,9,7,7,5,6,7,3,5,9,7,7,10,3,5,8,7,7,7,6,9,3,5,4,5,6,11,3,5,3,11,7,3,4,3,4,11,3,7,7,6,3,10,3,11,0,4,11,11,3,3,6,7,7,7,10,7,5,3,3,3,4,5,11,5,7,2,3,3,11,11,3,3,3,3,3,9,4,6,3,5,3,3,3,3,7,3,6,8,4,9,7,6,9,6,6,6,6,7,10,7,10,6,3,5,8,6,5,8,6,6,6,6,7,10,10,6,10,7,6,6,3,6,5,5,5,10,7
"OR795436.1_|Human_respiratory_syncytial_virus_A_isolate_hRSV/A/Germany/22-00758/2021,_complete_genome",16,4,3,4,3,4,4,2,3,5,3,6,3,3,7,5,4,3,3,5,7,4,8,6,2,3,3,3,3,3,3,6,6,3,6,5,6,4,5,7,2,6,7,5,5,3,4,5,1,3,7,5,5,9,1,3,6,5,5,6,4,7,1,3,2,3,4,9,1,3,1,9,5,1,0,1,2,9,1,5,5,4,1,8,1,9,4,0,9,9,1,1,4,5,5,5,8,5,1,1,1,1,0,3,9,3,5,2,1,1,9,9,1,1,1,1,1,7,2,4,1,3,1,1,1,1,5,1,4,6,2,7,5,4,7,4,4,4,4,5,9,5,9,4,1,3,6,4,3,4,4,4,4,4,3,9,9,4,9,5,4,5,1,4,3,3,3,9,5
"OR795437.1_|Human_respiratory_syncytial_virus_A_isolate_hRSV/A/Germany/22-00766/2021,_complete_genome",19,7,6,7,6,9,7,7,6,8,6,9,6,6,10,8,7,6,8,8,4,7,5,9,7,6,8,6,6,6,6,9,9,6,9,8,8,7,8,9,9,9,4,8,8,6,7,8,8,8,4,8,8,12,8,6,9,8,6,9,7,9,8,6,9,6,7,0,8,6,8,0,8,8,9,8,9,0,8,8,8,11,8,5,8,6,11,9,0,0,8,8,7,8,8,8,5,8,10,8,8,8,9,6,0,6,8,9,8,8,0,6,8,8,8,8,8,4,9,7,8,8,8,8,8,8,3,8,7,3,9,4,3,7,10,7,7,5,7,6,12,6,12,5,8,6,8,7,6,7,7,7,7,5,6,12,12,7,12,6,7,8,8,7,8,6,8,12,6
"OR795438.1_|Human_respiratory_syncytial_virus_A_isolate_hRSV/A/Germany/22-00774/2021,_complete_genome",19,7,6,7,6,9,7,7,6,8,6,9,6,6,10,8,7,6,8,8,4,7,5,9,7,6,8,6,6,6,6,9,9,6,9,8,8,7,8,9,9,9,4,8,8,6,7,8,8,8,4,8,8,12,8,6,9,8,6,9,7,9,8,6,9,6,7,0,8,6,8,0,8,8,9,8,9,0,8,8,8,11,8,5,8,6,11,9,0,0,8,8,7,8,8,8,5,8,10,8,8,8,9,6,0,6,8,9,8,8,0,6,8,8,8,8,8,4,9,7,8,8,8,8,8,8,3,8,7,3,9,4,3,7,10,7,7,5,7,6,12,6,12,5,8,6,8,7,6,7,7,7,7,5,6,12,12,7,12,6,7,8,8,7,8,6,8,12,6
"OR795439.1_|Human_respiratory_syncytial_virus_A_isolate_hRSV/A/Germany/22-00857/2021,_complete_genome",15,3,2,3,2,5,3,1,2,4,2,5,2,2,6,4,3,2,4,4,6,3,7,5,1,2,4,2,2,2,2,5,5,2,5,4,5,3,4,6,1,5,6,4,4,2,3,4,0,2,6,4,4,8,0,2,5,4,4,5,3,6,0,2,1,2,3,8,0,2,0,8,4,0,1,0,1,8,0,4,4,3,0,7,0,8,3,1,8,8,0,0,3,4,4,4,7,4,2,0,0,0,1,2,8,2,4,1,0,0,8,8,0,0,0,0,0,6,1,3,0,2,0,0,0,0,4,0,3,5,1,6,4,3,6,3,3,3,3,4,8,4,8,3,0,2,5,3,2,5,3,3,3,3,4,8,8,3,8,4,3,4,0,3,2,2,2,8,4
"OR795440.1_|Human_respiratory_syncytial_virus_A_isolate_hRSV/A/Germany/22-00939/2021,_complete_genome",15,3,2,3,2,5,3,1,2,4,2,4,2,2,6,4,3,2,4,4,6,3,7,5,1,2,4,2,2,2,2,5,5,2,5,4,5,3,4,6,1,5,6,4,4,2,3,4,0,2,6,4,4,8,0,2,5,4,4,5,3,6,0,2,1,2,3,8,0,2,0,8,4,0,1,0,1,8,0,4,4,3,0,7,0,8,3,1,8,8,0,0,3,4,4,4,7,4,2,0,0,0,1,2,8,2,4,1,0,0,8,8,0,0,0,0,0,6,1,3,0,2,0,0,0,0,4,0,3,5,1,6,4,3,6,3,3,3,3,4,8,4,8,3,0,2,5,3,2,5,3,3,3,3,4,8,8,3,8,4,3,4,0,3,2,2,2,8,4
"OR795441.1_|Human_respiratory_syncytial_virus_A_isolate_hRSV/A/Germany/22-00946/2021,_complete_genome",17,2,1,2,1,4,2,2,1,3,1,4,1,1,5,3,2,1,3,3,5,2,6,4,2,1,3,1,1,1,1,4,4,1,4,3,4,2,3,5,4,4,5,3,3,1,2,3,3,3,5,3,3,7,3,1,4,3,3,4,2,5,3,1,4,1,0,7,3,1,3,7,3,3,4,3,4,7,3,3,3,6,3,6,3,7,6,4,7,7,3,3,0,3,3,3,6,3,5,3,3,3,4,1,7,1,1,4,3,3,7,7,3,3,3,3,3,5,4,2,3,5,3,3,3,3,4,3,2,4,4,5,4,2,3,2,2,2,2,3,7,3,7,2,3,1,4,2,1,4,2,2,2,2,3,7,7,2,7,3,2,3,3,2,3,1,3,7,3
"OR795442.1_|Human_respiratory_syncytial_virus_A_isolate_hRSV/A/Germany/22-00983/2021,_complete_genome",16,3,2,3,2,5,3,3,2,4,2,5,2,2,6,4,3,2,4,4,6,3,7,5,3,2,4,2,2,2,2,5,5,2,5,4,5,3,4,6,5,4,6,4,4,2,3,4,4,4,6,4,4,8,4,2,5,4,4,5,3,6,4,2,5,2,3,8,4,2,4,8,4,4,5,4,5,8,4,0,0,6,4,7,4,8,7,5,8,8,4,4,3,0,0,0,7,4,6,4,4,4,5,2,8,2,4,5,4,4,8,8,4,4,4,4,4,6,5,3,4,6,4,4,4,4,5,4,1,5,5,6,5,3,6,3,3,3,3,4,8,4,8,3,4,2,5,3,2,5,3,3,3,3,4,8,8,3,8,4,3,4,4,3,4,2,4,8,4
"OR795443.1_|Human_respiratory_syncytial_virus_A_isolate_hRSV/A/Germany/22-01153/2021,_complete_genome",16,3,2,3,2,5,3,3,2,4,2,5,2,2,6,4,3,2,4,4,6,3,7,5,3,2,4,2,2,2,2,5,5,2,5,4,5,3,4,6,5,4,6,4,4,2,3,4,4,4,6,4,4,8,4,2,5,4,4,5,3,6,4,2,5,2,3,8,4,2,4,8,4,4,5,4,5,8,4,0,0,6,4,7,4,8,7,5,8,8,4,4,3,0,0,0,7,4,6,4,4,4,5,2,8,2,4,5,4,4,8,8,4,4,4,4,4,6,5,3,4,6,4,4,4,4,5,4,1,5,5,6,5,3,6,3,3,3,3,4,8,4,8,3,4,2,5,3,2,5,3,3,3,3,4,8,8,3,8,4,3,4,4,3,4,2,4,8,4
"OR795444.1_|Human_respiratory_syncytial_virus_A_isolate_hRSV/A/Germany/22-01154/2021,_complete_genome",16,3,2,3,2,5,3,3,2,4,2,5,2,2,6,4,3,2,4,4,6,3,7,5,3,2,4,2,2,2,2,5,5,2,5,4,5,3,4,6,5,4,6,4,4,2,3,4,4,4,6,4,4,8,4,2,5,4,4,5,3,6,4,2,5,2,3,8,4,2,4,8,4,4,5,4,5,8,4,0,0,6,4,7,4,8,7,5,8,8,4,4,3,0,0,0,7,4,6,4,4,4,5,2,8,2,4,5,4,4,8,8,4,4,4,4,4,6,5,3,4,6,4,4,4,4,5,4,1,5,5,6,5,3,6,3,3,3,3,4,8,4,8,3,4,2,5,3,2,5,3,3,3,3,4,8,8,3,8,4,3,4,4,3,4,2,4,8,4
"OR795445.1_|Human_respiratory_syncytial_virus_A_isolate_hRSV/A/Germany/22-01193/2021,_complete_genome",19,6,5,6,5,8,6,6,5,7,5,8,5,5,9,7,6,5,7,7,1,6,4,8,6,5,7,5,5,5,5,8,8,5,8,7,7,6,7,8,8,8,1,7,7,5,6,7,7,7,1,7,7,11,7,5,7,7,5,8,6,8,7,5,8,5,6,5,7,5,7,5,7,7,8,7,8,5,7,7,7,10,7,4,7,3,10,8,5,5,7,7,6,7,7,7,0,7,9,7,7,7,8,5,5,5,7,8,7,7,5,3,7,7,7,7,7,3,8,6,7,9,7,7,7,7,2,7,6,2,8,3,2,6,7,5,6,6,6,7,11,7,11,6,7,5,7,6,5,8,6,6,6,6,7,11,11,6,11,7,6,7,7,6,7,5,7,11,7
"OR795446.1_|Human_respiratory_syncytial_virus_A_isolate_hRSV/A/Germany/22-01286/2021,_complete_genome",17,3,2,3,2,5,3,3,2,4,2,5,2,2,6,4,3,2,4,4,6,3,7,5,3,2,4,2,2,2,2,5,5,2,5,4,5,3,4,6,5,5,6,4,4,2,3,4,4,4,6,4,4,8,4,2,5,4,4,5,3,6,4,2,5,2,3,8,4,2,4,8,0,4,5,4,5,8,4,4,4,7,4,7,4,8,7,5,8,8,4,4,3,4,4,4,7,0,6,4,4,4,5,2,8,2,4,5,4,4,8,8,4,4,4,4,4,6,5,3,4,6,4,4,4,4,5,4,3,5,5,6,5,3,6,3,3,4,3,4,8,4,8,4,4,2,5,3,2,5,3,3,3,4,4,8,8,3,8,5,3,4,4,3,4,2,4,8,4
"OR795447.1_|Human_respiratory_syncytial_virus_A_isolate_hRSV/A/Germany/22-01300/2021,_complete_genome",17,5,4,5,4,5,5,3,4,6,4,7,4,4,8,6,5,4,4,6,8,5,9,7,3,4,4,4,4,4,4,7,7,4,7,6,7,5,6,8,3,7,8,6,6,4,5,6,2,4,8,6,6,10,2,4,7,6,6,7,5,8,2,4,3,4,5,10,2,4,2,10,6,2,1,2,3,10,2,6,6,5,2,9,2,10,5,1,10,10,2,2,5,6,6,6,9,6,0,2,2,2,1,4,10,4,6,3,2,2,10,10,2,2,2,2,2,8,1,5,2,4,2,2,2,2,6,2,5,7,3,8,6,5,8,5,5,5,5,6,10,6,10,5,2,4,7,5,4,5,5,5,5,5,4,10,10,5,10,6,5,6,2,5,4,4,4,10,6
"OR795448.1_|Human_respiratory_syncytial_virus_A_isolate_hRSV/A/Germany/22-01307/2021,_complete_genome",15,3,2,3,2,5,3,1,2,4,2,5,2,2,6,4,3,2,4,4,6,3,7,5,1,2,4,2,2,2,2,5,5,2,5,4,5,3,4,6,1,5,6,4,4,2,3,4,0,2,6,4,4,8,0,2,5,4,4,5,3,6,0,2,1,2,3,8,0,2,0,8,4,0,1,0,1,8,0,4,4,3,0,7,0,8,3,1,8,8,0,0,3,4,4,4,7,4,2,0,0,0,1,2,8,2,4,1,0,0,8,8,0,0,0,0,0,6,1,3,0,2,0,0,0,0,4,0,3,5,1,6,4,3,6,3,3,3,3,4,8,4,8,3,0,2,5,3,2,5,3,3,3,3,4,8,8,3,8,4,3,4,0,3,2,2,2,8,4
"OR795449.1_|Human_respiratory_syncytial_virus_A_isolate_hRSV/A/Germany/22-01311/2021,_complete_genome",15,3,2,3,2,5,3,1,2,4,2,5,2,2,6,4,3,2,4,4,6,3,7,5,1,2,4,2,2,2,2,5,5,2,5,4,5,3,4,6,1,5,6,4,4,2,3,4,0,2,6,4,4,8,0,2,5,4,4,5,3,6,0,2,1,2,3,8,0,2,0,8,4,0,1,0,1,8,0,4,4,3,0,7,0,8,3,1,8,8,0,0,3,4,4,4,7,4,2,0,0,0,1,2,8,2,4,1,0,0,8,8,0,0,0,0,0,6,1,3,0,2,0,0,0,0,4,0,3,5,1,6,4,3,6,3,3,3,3,4,8,4,8,3,0,2,5,3,2,5,3,3,3,3,4,8,8,3,8,4,3,4,0,3,2,2,2,8,4
"OR795450.1_|Human_respiratory_syncytial_virus_A_isolate_hRSV/A/Germany/22-01320/2021,_complete_genome",15,3,2,3,2,5,3,1,2,4,2,5,2,2,6,4,3,2,4,4,6,3,7,5,1,2,4,2,2,2,2,5,5,2,5,4,5,3,4,6,1,5,6,4,4,2,3,4,0,2,6,4,4,8,0,2,5,4,4,5,3,6,0,2,1,2,3,8,0,2,0,8,4,0,1,0,1,8,0,4,4,3,0,7,0,8,3,1,8,8,0,0,3,4,4,4,7,4,2,0,0,0,1,2,8,2,4,1,0,0,8,8,0,0,0,0,0,6,1,3,0,2,0,0,0,0,4,0,3,5,1,6,4,3,6,3,3,3,3,4,8,4,8,3,0,2,5,3,2,5,3,3,3,3,4,8,8,3,8,4,3,4,0,3,2,2,2,8,4
"OR795451.1_|Human_respiratory_syncytial_virus_A_isolate_hRSV/A/Germany/22-01323/2021,_complete_genome",16,4,3,4,3,4,4,2,3,5,3,6,3,3,7,5,4,3,3,5,7,4,8,6,2,3,3,3,3,3,3,6,6,3,6,5,6,4,5,7,2,6,7,5,5,3,4,5,1,3,7,5,5,9,1,3,6,5,5,6,4,7,1,3,2,3,4,9,1,3,1,9,5,1,0,1,2,9,1,5,5,4,1,8,1,9,4,0,9,9,1,1,4,5,5,5,8,5,1,1,1,1,0,3,9,3,5,2,1,1,9,9,1,1,1,1,1,7,2,4,1,3,1,1,1,1,5,1,4,6,2,7,5,4,7,4,4,4,4,5,9,5,9,4,1,3,6,4,3,4,4,4,4,4,3,9,9,4,9,5,4,5,1,4,3,3,3,9,5
"OR795452.1_|Human_respiratory_syncytial_virus_A_isolate_hRSV/A/Germany/22-01361/2021,_complete_genome",16,1,0,1,0,3,1,1,0,2,0,3,0,0,4,2,1,0,2,2,4,1,5,3,1,0,2,0,0,0,0,3,3,0,3,2,3,1,2,4,3,3,4,2,2,0,1,2,2,2,4,2,2,6,2,0,3,2,2,2,1,4,2,0,3,0,1,6,2,0,2,6,2,2,3,2,2,6,2,2,2,5,2,5,2,6,5,3,6,6,2,2,1,2,2,2,5,2,4,2,2,2,3,0,6,0,2,3,2,2,6,6,2,2,2,2,2,4,3,1,2,4,2,2,2,2,3,2,1,3,3,4,3,1,4,1,1,1,1,2,6,2,6,1,2,0,3,1,0,3,1,1,1,1,2,6,6,1,6,2,1,1,2,1,2,0,2,6,2
"OR795453.1_|Human_respiratory_syncytial_virus_A_isolate_hRSV/A/Germany/22-01517/2021,_complete_genome",19,7,6,7,6,9,7,7,6,8,6,9,6,6,10,8,7,6,8,8,4,7,5,9,7,6,8,6,6,6,6,9,9,6,9,8,8,7,8,9,9,9,4,8,8,6,7,8,8,8,4,8,8,12,8,6,9,8,6,9,7,9,8,6,9,6,7,0,8,6,8,0,8,8,9,8,9,0,8,8,8,11,8,4,8,6,11,9,0,0,8,8,7,8,8,8,5,8,10,8,8,8,9,6,0,6,8,9,8,8,0,6,8,8,8,8,8,4,9,7,8,8,8,8,8,8,3,8,7,3,9,4,3,7,10,7,7,5,7,6,12,6,12,5,8,6,8,7,6,7,7,7,7,5,6,12,12,7,12,6,7,8,8,7,8,6,8,12,6
"OR795454.1_|Human_respiratory_syncytial_virus_A_isolate_hRSV/A/Germany/22-01687/2021,_complete_genome",16,1,0,1,0,3,1,1,0,2,0,3,0,0,4,2,1,0,2,2,4,1,5,3,1,0,2,0,0,0,0,3,3,0,3,2,3,1,2,4,3,3,4,2,2,0,1,2,2,2,4,2,2,6,2,0,3,2,2,2,1,4,2,0,3,0,1,6,2,0,2,6,2,2,3,2,2,6,2,2,2,5,2,5,2,6,5,3,6,6,2,2,1,2,2,2,5,2,4,2,2,2,3,0,6,0,2,3,2,2,6,6,2,2,2,2,2,4,3,1,2,4,2,2,2,2,3,2,1,3,3,4,3,1,4,1,1,1,1,2,6,2,6,1,2,0,3,1,0,3,1,1,1,1,2,6,6,1,6,2,1,1,2,1,2,0,2,6,2
"OR795455.1_|Human_respiratory_syncytial_virus_A_isolate_hRSV/A/Germany/22-01741/2021,_complete_genome",18,3,2,3,2,5,3,3,2,4,2,5,2,2,6,4,3,2,4,4,6,3,7,5,3,2,4,2,2,2,2,5,5,2,5,2,5,3,4,6,5,5,6,4,4,2,3,4,4,4,6,4,4,8,4,2,5,4,4,5,3,6,4,2,5,2,1,8,4,2,4,8,4,4,5,4,5,8,4,4,4,7,4,7,4,8,7,5,8,8,4,4,1,4,4,4,7,4,6,4,4,4,5,2,8,2,0,5,4,4,8,8,4,4,4,4,4,6,5,3,4,6,4,4,4,4,5,4,3,5,5,6,5,3,4,3,3,3,3,4,8,4,8,3,4,2,5,3,2,5,3,3,3,3,4,8,8,3,8,4,3,4,4,3,4,2,4,8,4
"OR795456.1_|Human_respiratory_syncytial_virus_A_isolate_hRSV/A/Germany/22-01933/2021,_complete_genome",16,4,3,4,3,6,4,2,3,5,3,5,3,3,7,5,4,3,5,5,7,4,8,6,2,3,5,3,3,3,3,6,6,3,6,5,6,4,5,7,2,6,7,5,5,3,4,5,1,3,7,5,5,9,1,3,6,5,5,6,4,7,1,3,2,3,4,9,1,3,1,9,5,1,2,1,2,9,1,5,5,4,1,8,1,9,2,2,9,9,1,1,4,5,5,5,8,5,3,1,1,1,2,3,9,3,5,0,1,1,9,9,1,1,1,1,1,7,2,4,1,3,1,1,1,1,5,1,4,6,2,7,5,4,7,4,4,4,4,5,9,5,9,4,1,3,6,4,3,6,4,4,4,4,5,9,9,4,9,5,4,5,1,4,3,3,3,9,5
"OR795457.1_|Human_respiratory_syncytial_virus_A_isolate_hRSV/A/Germany/22-01974/2021,_complete_genome",15,3,2,3,2,5,3,1,2,4,2,5,2,2,6,4,3,2,4,4,6,3,7,5,1,2,4,2,2,2,2,5,5,2,5,4,5,3,4,6,1,5,6,4,4,2,3,4,0,2,6,4,4,8,0,2,5,4,4,5,3,6,0,2,1,2,3,8,0,2,0,8,4,0,1,0,1,8,0,4,4,3,0,7,0,8,3,1,8,8,0,0,3,4,4,4,7,4,2,0,0,0,1,2,8,2,4,1,0,0,8,8,0,0,0,0,0,6,1,3,0,2,0,0,0,0,4,0,3,5,1,6,4,3,6,3,3,3,3,4,8,4,8,3,0,2,5,3,2,5,3,3,3,3,4,8,8,3,8,4,3,4,0,3,2,2,2,8,4
"OR795458.1_|Human_respiratory_syncytial_virus_A_isolate_hRSV/A/Germany/22-01987/2021,_complete_genome",15,3,2,3,2,5,3,1,2,4,2,5,2,2,6,4,3,2,4,4,6,3,7,5,1,2,4,2,2,2,2,5,5,2,5,4,5,3,4,6,1,5,6,4,4,2,3,4,0,2,6,4,4,8,0,2,5,4,4,5,3,6,0,2,1,2,3,8,0,2,0,8,4,0,1,0,1,8,0,4,4,3,0,7,0,8,3,1,8,8,0,0,3,4,4,4,7,4,2,0,0,0,1,2,8,2,4,1,0,0,8,8,0,0,0,0,0,6,1,3,0,2,0,0,0,0,4,0,3,5,1,6,4,3,6,3,3,3,3,4,8,4,8,3,0,2,5,3,2,5,3,3,3,3,4,8,8,3,8,4,3,4,0,3,2,2,2,8,4
"OR795459.1_|Human_respiratory_syncytial_virus_A_isolate_hRSV/A/Germany/22-02018/2021,_complete_genome",19,7,6,7,6,9,7,7,6,8,6,9,6,6,10,8,7,6,8,8,4,7,5,9,7,6,8,6,6,6,6,9,9,6,9,8,8,7,8,9,9,9,4,8,8,6,7,8,8,8,4,8,8,12,8,6,9,8,6,9,7,9,8,6,9,6,7,0,8,6,8,0,8,8,9,8,9,0,8,8,8,11,8,5,8,6,11,9,0,0,8,8,7,8,8,8,5,8,10,8,8,8,9,6,0,6,8,9,8,8,0,6,8,8,8,8,8,4,9,7,8,8,8,8,8,8,3,8,7,3,9,4,3,7,10,7,7,5,7,6,12,6,12,5,8,6,8,7,6,7,7,7,7,5,6,12,12,7,12,6,7,8,8,7,8,6,8,12,6
"OR795460.1_|Human_respiratory_syncytial_virus_A_isolate_hRSV/A/Germany/22-02019/2021,_complete_genome",18,5,6,5,6,9,7,7,6,8,6,9,6,6,10,8,7,6,8,8,2,7,5,9,7,6,8,6,6,6,6,9,9,6,9,8,8,7,8,9,9,9,2,8,8,6,7,8,8,8,2,8,8,12,8,6,8,8,6,9,7,9,8,6,9,6,7,6,8,6,8,6,8,8,9,8,9,6,8,8,8,11,8,5,8,0,11,9,6,6,8,8,7,8,8,8,3,8,10,8,8,8,9,6,6,6,8,9,8,8,6,0,8,8,8,8,8,4,9,7,8,10,8,8,8,8,3,8,7,3,9,4,3,7,8,6,7,7,7,8,12,8,12,7,8,6,8,7,6,9,7,7,7,7,8,12,12,7,12,8,7,8,8,7,8,6,8,12,8
"OR795461.1_|Human_respiratory_syncytial_virus_A_isolate_hRSV/A/Germany/22-02025/2021,_complete_genome",15,3,2,3,2,5,3,1,2,4,2,5,2,2,6,4,3,2,4,4,6,3,7,5,1,2,4,2,2,2,2,5,5,2,5,4,5,3,4,6,1,5,6,4,4,2,3,4,0,2,6,4,4,8,0,2,5,4,4,5,3,6,0,2,1,2,3,8,0,2,0,8,4,0,1,0,1,8,0,4,4,3,0,7,0,8,3,1,8,8,0,0,3,4,4,4,7,4,2,0,0,0,1,2,8,2,4,1,0,0,8,8,0,0,0,0,0,6,1,3,0,2,0,0,0,0,4,0,3,5,1,6,4,3,6,3,3,3,3,4,8,4,8,3,0,2,5,3,2,5,3,3,3,3,4,8,8,3,8,4,3,4,0,3,2,2,2,8,4
"OR795462.1_|Human_respiratory_syncytial_virus_A_isolate_hRSV/A/Germany/22-02048/2021,_complete_genome",15,3,2,3,2,5,3,1,2,4,2,4,2,2,6,4,3,2,4,4,6,3,7,5,1,2,4,2,2,2,2,5,5,2,5,4,5,3,4,6,1,5,6,4,4,2,3,4,0,2,6,4,4,8,0,2,5,4,4,5,3,6,0,2,1,2,3,8,0,2,0,8,4,0,1,0,1,8,0,4,4,3,0,7,0,8,3,1,8,8,0,0,3,4,4,4,7,4,2,0,0,0,1,2,8,2,4,1,0,0,8,8,0,0,0,0,0,6,1,3,0,2,0,0,0,0,4,0,3,5,1,6,4,3,6,3,3,3,3,4,8,4,8,3,0,2,5,3,2,5,3,3,3,3,4,8,8,3,8,4,3,4,0,3,2,2,2,8,4
"OR795463.1_|Human_respiratory_syncytial_virus_A_isolate_hRSV/A/Germany/22-02061/2021,_complete_genome",15,3,2,3,2,5,3,1,2,4,2,5,2,2,6,4,3,2,4,4,6,3,7,5,1,2,4,2,2,2,2,5,5,2,5,4,5,3,4,6,1,5,6,4,4,2,3,4,0,2,6,4,4,8,0,2,5,4,4,5,3,6,0,2,1,2,3,8,0,2,0,8,4,0,1,0,1,8,0,4,4,3,0,7,0,8,3,1,8,8,0,0,3,4,4,4,7,4,2,0,0,0,1,2,8,2,4,1,0,0,8,8,0,0,0,0,0,6,1,3,0,2,0,0,0,0,4,0,3,5,1,6,4,3,6,3,3,3,3,4,8,4,8,3,0,2,5,3,2,5,3,3,3,3,4,8,8,3,8,4,3,4,0,3,2,2,2,8,4
"OR795464.1_|Human_respiratory_syncytial_virus_A_isolate_hRSV/A/Germany/22-02062/2021,_complete_genome",15,3,2,3,2,5,3,1,2,4,2,5,2,2,6,4,3,2,4,4,6,3,7,5,1,2,4,2,2,2,2,5,5,2,5,4,5,3,4,6,1,5,6,4,4,2,3,4,0,2,6,4,4,8,0,2,5,4,4,5,3,6,0,2,1,2,3,8,0,2,0,8,4,0,1,0,1,8,0,4,4,3,0,7,0,8,3,1,8,8,0,0,3,4,4,4,7,4,2,0,0,0,1,2,8,2,4,1,0,0,8,8,0,0,0,0,0,6,1,3,0,2,0,0,0,0,4,0,3,5,1,6,4,3,6,3,3,3,3,4,8,4,8,3,0,2,5,3,2,5,3,3,3,3,4,8,8,3,8,4,3,4,0,3,2,2,2,8,4
"OR795465.1_|Human_respiratory_syncytial_virus_A_isolate_hRSV/A/Germany/22-02320/2021,_complete_genome",15,3,2,3,2,5,3,1,2,4,2,4,2,2,6,4,3,2,4,4,6,3,7,5,1,2,4,2,2,2,2,5,5,2,5,4,5,3,4,6,1,5,6,4,4,2,3,4,0,2,6,4,4,8,0,2,5,4,4,5,3,6,0,2,1,2,3,8,0,2,0,8,4,0,1,0,1,8,0,4,4,3,0,7,0,8,3,1,8,8,0,0,3,4,4,4,7,4,2,0,0,0,1,2,8,2,4,1,0,0,8,8,0,0,0,0,0,6,1,3,0,2,0,0,0,0,4,0,3,5,1,6,4,3,6,3,3,3,3,4,8,4,8,3,0,2,5,3,2,5,3,3,3,3,4,8,8,3,8,4,3,4,0,3,2,2,2,8,4
"OR795466.1_|Human_respiratory_syncytial_virus_A_isolate_hRSV/A/Germany/22-02323/2021,_complete_genome",20,5,4,5,4,7,5,5,4,6,4,7,4,4,8,6,5,4,6,6,2,5,3,7,5,4,6,4,4,4,4,7,7,4,7,6,6,5,6,7,7,7,2,6,6,4,5,6,6,6,2,6,6,10,6,4,7,6,4,7,5,7,6,4,7,4,5,4,6,4,6,4,6,6,7,6,7,4,6,6,6,9,6,3,6,4,9,7,4,4,6,6,5,6,6,6,3,6,8,6,6,6,7,4,4,4,6,7,6,6,4,4,6,6,6,6,6,0,7,5,6,8,6,6,6,6,1,6,5,1,7,2,1,5,8,5,5,5,5,6,10,6,10,5,6,4,6,5,4,7,5,5,5,5,6,10,10,5,10,6,5,6,6,5,6,4,6,10,6
"OR795467.1_|Human_respiratory_syncytial_virus_A_isolate_hRSV/A/Germany/22-02371/2021,_complete_genome",16,4,3,4,3,6,4,2,3,5,3,6,3,3,7,5,4,3,5,5,7,4,8,6,2,3,5,3,3,3,3,6,6,3,6,5,6,4,5,7,2,6,7,5,5,3,4,5,1,3,7,5,5,9,1,3,6,5,5,6,4,7,1,3,2,3,4,9,1,3,1,9,5,1,2,1,2,9,1,5,5,4,1,8,1,9,4,2,9,9,1,1,4,5,5,5,8,5,1,1,1,1,2,3,9,3,5,2,1,1,9,9,1,1,1,1,1,7,0,4,1,3,1,1,1,1,5,1,4,6,2,7,5,4,7,4,4,4,4,5,9,5,9,4,1,3,6,4,3,6,4,4,4,4,5,9,9,4,9,5,4,5,1,4,3,3,3,9,5
"OR795468.1_|Human_respiratory_syncytial_virus_A_isolate_hRSV/A/Germany/22-02451/2021,_complete_genome",17,2,1,2,1,4,2,2,1,3,1,4,1,1,5,3,2,1,3,3,5,2,6,4,2,1,3,1,1,1,1,4,4,1,4,3,4,2,3,5,4,4,5,3,3,1,2,3,3,3,5,3,3,7,3,1,4,3,3,3,2,5,3,1,4,1,2,7,3,1,3,7,3,3,4,3,3,7,3,3,3,6,3,6,3,7,6,4,7,7,3,3,2,3,3,3,6,3,5,3,3,3,4,1,7,1,3,4,3,3,7,7,3,3,3,3,3,5,4,0,3,5,3,3,3,3,4,3,2,4,4,5,4,2,5,2,2,2,2,3,7,3,7,2,3,1,4,2,1,4,2,2,2,2,3,7,7,2,7,3,2,2,3,2,3,1,3,7,3
"OR795469.1_|Human_respiratory_syncytial_virus_A_isolate_hRSV/A/Germany/22-02516/2021,_complete_genome",15,3,2,3,2,5,3,1,2,4,2,5,2,2,6,4,3,2,4,4,6,3,7,5,1,2,4,2,2,2,2,5,5,2,5,4,5,3,4,6,1,5,6,4,4,2,3,4,0,2,6,4,4,8,0,2,5,4,4,5,3,6,0,2,1,2,3,8,0,2,0,8,4,0,1,0,1,8,0,4,4,3,0,7,0,8,3,1,8,8,0,0,3,4,4,4,7,4,2,0,0,0,1,2,8,2,4,1,0,0,8,8,0,0,0,0,0,6,1,3,0,2,0,0,0,0,4,0,3,5,1,6,4,3,6,3,3,3,3,4,8,4,8,3,0,2,5,3,2,5,3,3,3,3,4,8,8,3,8,4,3,4,0,3,2,2,2,8,4
"OR795470.1_|Human_respiratory_syncytial_virus_A_isolate_hRSV/A/Germany/22-02775/2021,_complete_genome",15,5,4,5,4,7,5,3,4,6,4,7,4,4,8,6,5,4,6,6,8,5,9,7,3,4,6,4,4,4,4,7,7,4,7,6,7,5,6,8,3,7,8,6,6,4,5,6,2,4,8,6,6,10,2,4,7,6,6,7,5,8,2,4,3,4,5,8,2,4,2,8,6,2,3,2,3,8,2,6,6,5,2,9,2,10,5,3,8,8,2,2,5,6,6,6,9,6,4,2,2,2,3,4,8,4,6,3,2,2,8,10,2,2,2,2,2,8,3,5,2,0,2,2,2,2,6,2,5,7,3,8,6,5,8,5,5,5,5,6,10,6,10,5,2,4,7,5,4,7,5,5,5,5,6,10,10,5,10,6,5,6,2,5,4,4,4,10,6
"OR795471.1_|Human_respiratory_syncytial_virus_A_isolate_hRSV/A/Germany/22-03065/2022,_complete_genome",15,3,2,3,2,5,3,1,2,4,2,5,2,2,6,4,3,2,4,4,6,3,7,5,1,2,4,2,2,2,2,5,5,2,5,4,5,3,4,6,1,5,6,4,4,2,3,4,0,2,6,4,4,8,0,2,5,4,4,5,3,6,0,2,1,2,3,8,0,2,0,8,4,0,1,0,1,8,0,4,4,3,0,7,0,8,3,1,8,8,0,0,3,4,4,4,7,4,2,0,0,0,1,2,8,2,4,1,0,0,8,8,0,0,0,0,0,6,1,3,0,2,0,0,0,0,4,0,3,5,1,6,4,3,6,3,3,3,3,4,8,4,8,3,0,2,5,3,2,5,3,3,3,3,4,8,8,3,8,4,3,4,0,3,2,2,2,8,4
"OR795472.1_|Human_respiratory_syncytial_virus_A_isolate_hRSV/A/Germany/23-00282/2022,_complete_genome",15,3,2,3,2,5,3,1,2,4,2,5,2,2,6,4,3,2,4,4,6,3,7,5,1,2,4,2,2,2,2,5,5,2,5,4,5,3,4,6,1,5,6,4,4,2,3,4,0,2,6,4,4,8,0,2,5,4,4,5,3,6,0,2,1,2,3,8,0,2,0,8,4,0,1,0,1,8,0,4,4,3,0,7,0,8,3,1,8,8,0,0,3,4,4,4,7,4,2,0,0,0,1,2,8,2,4,1,0,0,8,8,0,0,0,0,0,6,1,3,0,2,0,0,0,0,4,0,3,5,1,6,4,3,6,3,3,3,3,4,8,4,8,3,0,2,5,3,2,5,3,3,3,3,4,8,8,3,8,4,3,4,0,3,2,2,2,8,4
"OR795473.1_|Human_respiratory_syncytial_virus_A_isolate_hRSV/A/Germany/23-00435/2022,_complete_genome",15,3,2,3,2,5,3,1,2,4,2,5,2,2,6,4,3,2,4,4,6,3,7,5,1,2,4,2,2,2,2,5,5,2,5,4,5,3,4,6,1,5,6,4,4,2,3,4,0,2,6,4,4,7,0,2,5,4,4,5,3,6,0,2,1,2,3,8,0,2,0,8,4,0,1,0,1,8,0,4,4,3,0,7,0,8,3,1,8,8,0,0,3,4,4,4,7,4,2,0,0,0,1,2,8,2,4,1,0,0,8,8,0,0,0,0,0,6,1,3,0,2,0,0,0,0,4,0,3,5,1,6,4,3,6,3,3,3,3,4,7,4,7,3,0,2,5,3,2,5,3,3,3,3,4,7,7,3,7,4,3,4,0,3,2,2,2,7,4
"OR795474.1_|Human_respiratory_syncytial_virus_A_isolate_hRSV/A/Germany/23-00712/2022,_complete_genome",15,3,2,3,2,5,3,1,2,4,2,5,2,2,6,4,3,2,4,4,6,3,7,5,1,2,4,2,2,2,2,5,5,2,5,4,5,3,4,6,1,5,6,4,4,2,3,4,0,2,6,4,4,8,0,2,5,4,4,5,3,6,0,2,1,2,3,8,0,2,0,8,4,0,1,0,1,8,0,4,4,3,0,7,0,8,3,1,8,8,0,0,3,4,4,4,7,4,2,0,0,0,1,2,8,2,4,1,0,0,8,8,0,0,0,0,0,6,1,3,0,2,0,0,0,0,4,0,3,5,1,6,4,3,6,3,3,3,3,4,8,4,8,3,0,2,5,3,2,5,3,3,3,3,4,8,8,3,8,4,3,4,0,3,2,2,2,8,4
"OR795475.1_|Human_respiratory_syncytial_virus_A_isolate_hRSV/A/Germany/23-00760/2022,_complete_genome",19,4,3,4,3,6,4,4,3,5,3,6,3,3,7,5,4,3,5,5,1,4,2,6,4,3,5,3,3,3,3,6,6,3,6,5,5,4,5,6,5,6,1,5,5,3,4,5,4,5,1,5,5,9,4,3,6,5,3,6,4,6,4,3,5,3,4,3,4,3,4,3,5,4,5,4,5,3,4,5,5,7,4,2,4,3,7,5,3,3,4,4,4,5,5,5,2,5,6,4,4,4,5,3,3,3,5,5,4,4,3,3,4,4,4,4,4,1,5,4,4,6,4,4,4,4,0,4,4,0,5,1,0,4,7,4,4,4,4,5,9,5,9,4,4,3,5,4,3,6,4,4,4,4,5,9,9,4,9,5,4,5,4,4,5,3,5,9,5
"OR795476.1_|Human_respiratory_syncytial_virus_A_isolate_hRSV/A/Germany/23-00870/2022,_complete_genome",15,3,2,3,2,5,3,1,2,4,2,5,2,2,6,4,3,2,4,4,6,3,7,5,1,2,4,2,2,2,2,5,5,2,5,4,5,3,4,6,1,5,6,4,4,2,3,4,0,2,6,4,4,8,0,2,5,4,4,5,3,6,0,2,1,2,3,8,0,2,0,8,4,0,1,0,1,8,0,4,4,3,0,7,0,8,3,1,8,8,0,0,3,4,4,4,7,4,2,0,0,0,1,2,8,2,4,1,0,0,8,8,0,0,0,0,0,6,1,3,0,2,0,0,0,0,4,0,3,5,1,6,4,3,6,3,3,3,3,4,8,4,8,3,0,2,5,3,2,5,3,3,3,3,4,8,8,3,8,4,3,4,0,3,2,2,2,8,4
"OR795477.1_|Human_respiratory_syncytial_virus_A_isolate_hRSV/A/Germany/23-01059/2022,_complete_genome",16,2,1,2,1,4,2,2,1,3,1,4,1,1,5,3,2,1,2,3,5,2,5,4,2,1,3,1,1,1,1,4,4,1,4,3,4,2,3,5,4,3,5,3,3,1,2,3,3,3,5,3,3,7,3,1,4,3,3,4,2,5,3,1,4,1,2,7,3,1,3,7,3,3,4,3,4,7,3,1,1,5,3,6,3,7,6,4,7,7,3,3,2,1,1,1,6,3,5,3,3,3,4,1,7,1,3,4,3,3,7,7,3,3,3,3,3,5,4,2,3,5,3,3,3,3,4,3,0,4,4,5,4,2,5,2,2,2,2,3,7,3,7,2,3,1,4,2,1,4,2,2,2,2,3,7,7,2,7,3,2,3,3,2,3,1,3,7,3
"OR795478.1_|Human_respiratory_syncytial_virus_A_isolate_hRSV/A/Germany/23-01354/2022,_complete_genome",19,4,3,4,3,6,4,4,3,4,3,6,3,3,7,5,4,3,5,5,1,4,2,6,4,3,5,3,3,3,3,6,6,3,6,5,5,4,5,6,6,6,1,5,5,3,4,5,5,5,1,5,5,9,5,3,5,5,3,6,4,6,5,3,6,3,4,3,5,3,5,3,5,5,6,5,6,3,5,5,5,7,5,2,5,3,8,6,3,3,5,5,4,5,5,5,2,5,7,5,5,5,6,3,3,3,5,6,5,5,3,3,5,5,5,5,5,1,6,4,5,7,5,5,5,5,0,5,4,0,6,1,0,4,7,4,4,4,4,5,9,5,9,4,5,3,5,4,3,6,4,4,4,4,5,9,9,4,9,5,4,5,5,4,5,3,5,9,5
"OR795479.1_|Human_respiratory_syncytial_virus_A_isolate_hRSV/A/Germany/23-01795/2022,_complete_genome",16,4,3,4,3,6,4,2,3,5,3,6,3,3,7,5,4,3,5,5,7,4,8,6,2,3,5,3,3,3,3,6,6,3,6,5,6,4,5,7,2,6,7,5,5,3,4,3,1,3,7,5,5,9,1,3,6,5,5,6,4,7,1,3,2,3,4,9,1,3,1,9,5,1,2,1,2,9,1,5,5,4,1,8,1,9,4,2,9,9,1,1,4,5,5,5,8,5,3,1,1,1,2,3,9,3,5,2,1,1,9,9,1,1,1,1,1,7,2,4,1,3,1,1,1,1,5,1,4,6,0,7,5,4,7,4,4,4,4,5,9,5,9,4,1,3,6,4,3,6,4,4,4,4,5,9,9,4,9,5,4,5,1,4,3,3,3,9,5
"OR795480.1_|Human_respiratory_syncytial_virus_A_isolate_hRSV/A/Germany/23-02209/2022,_complete_genome",20,5,4,5,4,7,5,5,4,6,4,7,4,4,8,6,5,4,5,6,2,5,3,7,5,4,6,4,4,4,4,7,7,4,7,6,6,5,6,7,7,7,2,6,6,4,5,6,6,6,2,6,6,10,6,4,7,6,4,7,5,7,6,4,7,4,5,4,6,4,6,4,6,6,7,6,7,4,6,6,6,9,6,3,6,4,9,7,4,4,6,6,5,6,6,6,3,6,8,6,6,6,7,4,4,4,6,7,6,6,4,4,6,6,6,6,6,2,7,5,6,8,6,6,6,6,1,6,5,1,7,0,1,5,8,5,5,5,5,6,10,6,10,5,6,4,6,5,4,7,5,5,5,5,6,10,10,5,10,6,5,6,6,5,6,4,6,10,6
"OR795481.1_|Human_respiratory_syncytial_virus_A_isolate_hRSV/A/Germany/23-02238/2022,_complete_genome",19,4,3,4,3,6,4,4,3,5,3,6,3,3,7,5,4,3,5,5,1,4,2,6,4,3,5,3,3,3,3,6,6,3,6,5,5,4,5,6,5,6,1,5,5,3,4,5,4,5,1,5,5,9,4,3,6,5,3,6,4,6,4,3,5,3,4,3,4,3,4,3,5,4,5,4,5,3,4,5,5,7,4,2,4,3,7,5,3,3,4,4,4,5,5,5,2,5,6,4,4,4,5,3,3,3,5,5,4,4,3,3,4,4,4,4,4,1,5,4,4,6,4,4,4,4,0,4,4,0,5,1,0,4,7,4,4,4,4,5,9,5,9,4,4,3,5,4,3,6,4,4,4,4,5,9,9,4,9,5,4,5,4,4,5,3,5,9,5
"PP376272.1_|Human_respiratory_syncytial_virus_A_isolate_490103023,_complete_genome",17,2,1,2,1,4,2,2,1,3,1,4,1,1,5,3,2,1,3,3,5,2,6,4,2,1,3,1,1,1,1,4,4,1,4,3,4,2,3,5,4,4,5,3,3,1,2,3,3,3,5,3,3,7,3,1,4,3,3,4,0,5,3,1,4,1,2,7,3,1,3,7,3,3,4,3,4,7,3,3,3,6,3,6,3,7,6,4,7,7,3,3,2,3,3,3,6,3,5,3,3,3,4,1,7,1,3,4,3,3,7,7,3,3,3,3,3,5,4,2,3,5,3,3,3,3,4,3,2,4,4,5,4,0,5,2,0,2,2,3,7,3,7,2,3,1,4,0,1,4,0,0,0,2,3,7,7,2,7,3,0,3,3,0,3,1,3,7,3
"PP376289.1_|Human_respiratory_syncytial_virus_A_isolate_490102036,_complete_genome",16,5,4,5,4,7,5,5,4,6,4,7,4,4,8,6,5,4,6,6,6,5,9,7,5,4,6,4,4,4,4,7,7,4,7,6,7,5,6,4,7,7,6,6,6,4,5,6,6,6,6,6,6,10,6,4,6,6,6,7,5,4,6,4,7,4,3,10,6,4,6,10,6,6,7,6,7,10,6,6,6,9,6,9,6,8,9,7,10,10,6,6,3,6,6,6,7,6,8,6,6,6,7,4,10,4,4,7,6,6,10,8,6,6,6,6,6,8,7,5,6,8,6,6,6,6,7,6,5,7,7,8,7,5,0,5,5,5,5,6,10,6,10,5,6,4,7,5,4,7,5,5,5,5,6,10,10,5,10,6,5,6,6,5,6,4,6,10,6
"PP376296.1_|Human_respiratory_syncytial_virus_A_isolate_490102002,_complete_genome",17,2,1,2,1,4,2,2,1,3,1,4,1,1,5,3,2,1,3,3,4,2,6,4,2,1,3,1,1,1,1,4,4,1,4,3,4,2,3,5,4,4,4,3,3,1,2,3,3,3,4,3,3,7,3,1,4,3,3,4,2,5,3,1,4,1,2,7,3,1,3,7,3,3,4,3,4,7,3,3,3,6,3,6,3,6,6,4,7,7,3,3,2,3,3,3,5,3,5,3,3,3,4,1,7,1,3,4,3,3,7,6,3,3,3,3,3,5,4,2,3,5,3,3,3,3,4,3,2,4,4,5,4,2,5,0,2,2,2,3,7,3,7,2,3,1,4,2,1,4,2,2,2,2,3,7,7,2,7,3,2,3,3,2,3,1,3,7,3
"PP376340.1_|Human_respiratory_syncytial_virus_A_isolate_490103026,_complete_genome",17,2,1,2,1,4,2,2,1,3,1,4,1,1,5,3,2,1,3,3,5,2,6,4,2,1,3,1,1,1,1,4,4,1,4,3,4,2,3,5,4,4,5,3,3,1,2,3,3,3,5,3,3,7,3,1,4,3,3,4,0,5,3,1,4,1,2,7,3,1,3,7,3,3,4,3,4,7,3,3,3,6,3,6,3,7,6,4,7,7,3,3,2,3,3,3,6,3,5,3,3,3,4,1,7,1,3,4,3,3,7,7,3,3,3,3,3,5,4,2,3,5,3,3,3,3,4,3,2,4,4,5,4,0,5,2,0,2,2,3,7,3,7,2,3,1,4,0,1,4,0,0,0,2,3,7,7,2,7,3,0,3,3,0,3,1,3,7,3
"PP376358.1_|Human_respiratory_syncytial_virus_A_isolate_490102023,_complete_genome",16,2,1,2,1,4,1,2,1,3,1,4,1,1,5,2,2,1,3,3,5,2,6,4,2,1,3,1,1,1,1,4,4,1,3,3,3,2,2,5,4,4,5,3,3,1,2,3,3,3,5,3,3,7,3,1,4,3,3,4,2,5,3,1,4,1,2,5,3,1,3,5,4,3,4,3,4,5,3,3,3,6,3,6,3,7,6,4,5,5,3,3,2,3,3,3,6,4,5,3,3,3,4,1,5,1,3,4,3,3,5,7,3,3,3,3,3,5,4,2,3,5,3,3,3,3,4,3,2,4,4,5,4,2,5,2,2,0,2,1,7,1,7,0,3,1,3,2,1,2,2,2,2,0,1,7,7,2,7,1,2,3,3,2,3,1,3,7,1
"PP376362.1_|Human_respiratory_syncytial_virus_A_isolate_490103028,_complete_genome",17,2,1,2,1,4,2,2,1,3,1,4,1,1,5,3,2,1,3,3,5,2,6,4,2,1,3,1,1,1,1,4,4,1,4,3,4,2,3,5,4,4,5,3,3,1,2,3,3,3,5,3,3,7,3,1,4,1,3,4,2,5,3,1,4,1,2,7,3,1,3,7,3,3,4,3,4,7,3,3,3,6,3,6,3,7,6,4,7,7,3,3,2,3,3,3,6,3,5,3,3,3,4,1,7,1,3,4,3,3,7,7,3,3,3,3,3,5,4,2,3,5,3,3,3,3,4,3,2,4,4,5,4,2,5,2,2,2,0,3,7,3,7,2,3,1,4,2,1,4,2,2,2,2,3,7,7,2,7,3,2,3,3,2,3,1,3,7,3
"PP376403.1_|Human_respiratory_syncytial_virus_A_isolate_490103020,_complete_genome",17,3,2,3,2,5,2,3,2,4,2,5,2,2,6,4,3,2,4,4,6,3,7,5,3,2,4,2,2,2,2,5,5,2,5,4,5,3,4,6,5,3,6,4,4,2,3,4,4,4,6,4,4,8,4,2,5,4,4,5,3,6,4,2,5,2,3,6,4,2,4,6,4,4,5,4,5,6,4,4,4,7,4,7,4,8,7,5,6,6,4,4,3,4,4,4,7,4,6,4,4,4,5,2,6,2,4,5,4,4,6,8,4,4,4,4,4,6,5,3,4,6,4,4,4,4,5,4,3,5,5,6,5,3,6,3,3,1,3,0,8,0,8,1,4,2,5,3,2,3,3,3,3,1,2,8,8,3,8,2,3,4,4,3,4,2,4,8,0
"PP376414.1_|Human_respiratory_syncytial_virus_A_isolate_490103029,_complete_genome",20,7,6,7,6,9,7,7,6,8,6,9,6,6,10,8,5,6,8,8,10,7,11,9,7,6,8,6,6,6,6,9,9,6,9,6,9,7,8,10,9,7,10,6,6,6,7,8,8,8,10,6,6,0,8,6,9,8,8,9,7,10,8,6,9,6,7,12,8,6,8,12,8,8,9,8,9,12,8,8,8,11,8,11,8,12,10,9,12,12,8,8,7,8,8,8,11,8,10,8,8,8,9,6,12,6,8,9,8,8,12,12,8,8,8,8,8,10,9,7,8,10,8,8,7,8,9,8,7,9,9,10,9,7,10,7,7,7,7,8,0,8,0,7,8,6,9,7,6,9,7,7,7,7,8,0,0,5,0,8,7,8,8,7,8,6,8,0,8
"PP376422.1_|Human_respiratory_syncytial_virus_A_isolate_490103016,_complete_genome",17,3,2,3,2,5,2,3,2,4,2,5,2,2,6,4,3,2,4,4,6,3,7,5,3,2,4,2,2,2,2,5,5,2,5,4,5,3,4,6,5,3,6,4,4,2,3,4,4,4,6,4,4,8,4,2,5,4,4,5,3,6,4,2,5,2,3,6,4,2,4,6,4,4,5,4,5,6,4,4,4,7,4,7,4,8,7,5,6,6,4,4,3,4,4,4,7,4,6,4,4,4,5,2,6,2,4,5,4,4,6,8,4,4,4,4,4,6,5,3,4,6,4,4,4,4,5,4,3,5,5,6,5,3,6,3,3,1,3,0,8,0,8,1,4,2,5,3,2,3,3,3,3,1,2,8,8,3,8,2,3,4,4,3,4,2,4,8,0
"PP376423.1_|Human_respiratory_syncytial_virus_A_isolate_490103015,_complete_genome",20,7,6,7,6,9,7,7,6,8,6,9,6,6,10,8,5,6,8,8,10,7,11,9,7,6,8,6,6,6,6,9,9,6,9,6,9,7,8,10,9,7,10,6,6,6,7,8,8,8,10,6,6,0,8,6,9,8,8,9,7,10,8,6,9,6,7,12,8,6,8,12,8,8,9,8,9,12,8,8,8,11,8,11,8,12,10,9,12,12,8,8,7,8,8,8,11,8,10,8,8,8,9,6,12,6,8,9,8,8,12,12,8,8,8,8,8,10,9,7,8,10,8,8,7,8,9,8,7,9,9,10,9,7,10,7,7,7,7,8,0,8,0,7,8,6,9,7,6,9,7,7,7,7,8,0,0,5,0,8,7,8,8,7,8,6,8,0,8
"PP376431.1_|Human_respiratory_syncytial_virus_A_isolate_490102029,_complete_genome",16,2,1,2,1,4,1,2,1,3,1,4,1,1,5,2,2,1,3,3,5,2,6,4,2,1,3,1,1,1,1,4,4,1,3,3,3,2,2,5,4,4,5,3,3,1,2,3,3,3,5,3,3,7,3,1,4,3,3,4,2,5,3,1,4,1,2,5,3,1,3,5,4,3,4,3,4,5,3,3,3,6,3,6,3,7,6,4,5,5,3,3,2,3,3,3,6,4,5,3,3,3,4,1,5,1,3,4,3,3,5,7,3,3,3,3,3,5,4,2,3,5,3,3,3,3,4,3,2,4,4,5,4,2,5,2,2,0,2,1,7,1,7,0,3,1,3,2,1,2,2,2,2,0,1,7,7,2,7,1,2,3,3,2,3,1,3,7,1
"PP376457.1_|Human_respiratory_syncytial_virus_A_isolate_490103031,_complete_genome",15,3,2,3,2,5,3,1,2,4,2,4,2,2,6,4,3,2,4,4,6,3,7,5,1,2,4,2,2,2,2,5,5,2,5,4,5,3,4,6,1,5,6,4,4,2,3,4,0,2,6,4,4,8,0,2,5,4,4,5,3,6,0,2,1,2,3,8,0,2,0,8,4,0,1,0,1,8,0,4,4,3,0,7,0,8,3,1,8,8,0,0,3,4,4,4,7,4,2,0,0,0,1,2,8,2,4,1,0,0,8,8,0,0,0,0,0,6,1,3,0,2,0,0,0,0,4,0,3,5,1,6,4,3,6,3,3,3,3,4,8,4,8,3,0,2,5,3,2,5,3,3,3,3,4,8,8,3,8,4,3,4,0,3,2,2,2,8,4
"PP376483.1_|Human_respiratory_syncytial_virus_A_isolate_490103007,_complete_genome",16,1,0,1,0,3,1,1,0,2,0,3,0,0,4,2,1,0,2,2,4,1,5,3,1,0,2,0,0,0,0,3,3,0,3,2,3,1,2,4,3,3,4,2,2,0,1,2,2,2,4,2,2,6,2,0,3,2,2,3,1,4,2,0,3,0,1,6,2,0,2,6,2,2,3,2,3,6,2,2,2,5,2,5,2,6,5,3,6,6,2,2,1,2,2,2,5,2,4,2,2,2,3,0,6,0,2,3,2,2,6,6,2,2,2,2,2,4,3,1,2,4,2,2,2,2,3,2,1,3,3,4,3,1,4,1,1,1,1,2,6,2,6,1,2,0,3,1,0,3,1,1,1,1,2,6,6,1,6,2,1,2,2,1,2,0,2,6,2
"PP376525.1_|Human_respiratory_syncytial_virus_A_isolate_490103008,_complete_genome",18,4,2,4,2,6,4,4,2,4,2,6,3,3,7,1,4,3,5,5,6,4,7,6,4,3,5,3,3,3,3,6,6,3,2,5,0,3,1,7,6,6,6,5,5,2,3,5,5,5,6,5,5,9,5,2,5,5,5,6,4,7,5,3,6,3,4,8,5,3,5,8,5,5,6,5,6,8,5,5,5,7,5,7,5,8,8,6,8,8,5,5,4,5,5,5,7,5,7,5,5,5,6,3,8,3,5,6,5,5,8,8,5,5,5,5,5,6,6,4,5,7,5,5,5,5,5,5,4,5,6,6,5,4,7,4,4,3,4,5,9,5,9,3,5,3,0,4,3,6,4,4,4,3,5,9,9,4,9,4,4,5,5,4,5,3,5,9,5
"PP376527.1_|Human_respiratory_syncytial_virus_A_isolate_490103001,_complete_genome",17,2,1,2,1,4,2,2,1,3,1,4,1,1,5,3,2,1,3,3,5,2,6,4,2,1,3,1,1,1,1,4,4,1,4,3,4,2,3,5,4,4,5,3,3,1,2,3,3,3,5,3,3,7,3,1,4,3,3,4,0,5,3,1,4,1,2,7,3,1,3,7,3,3,4,3,4,7,3,3,3,6,3,6,3,7,6,4,7,7,3,3,2,3,3,3,6,3,5,3,3,3,4,1,7,1,3,4,3,3,7,7,3,3,3,3,3,5,4,2,3,5,3,3,3,3,4,3,2,4,4,5,4,0,5,2,0,2,2,3,7,3,7,2,3,1,4,0,1,4,0,0,0,2,3,7,7,2,7,3,0,3,3,0,3,1,3,7,3
"PP376554.1_|Human_respiratory_syncytial_virus_A_isolate_490103009,_complete_genome",16,1,0,1,0,3,1,1,0,2,0,3,0,0,4,2,1,0,2,2,4,1,5,3,1,0,2,0,0,0,0,3,3,0,3,2,3,1,2,4,3,3,4,2,2,0,1,2,2,2,4,2,2,6,2,0,3,2,2,3,1,4,2,0,3,0,1,6,2,0,2,6,2,2,3,2,3,6,2,2,2,5,2,5,2,6,5,3,6,6,2,2,1,2,2,2,5,2,4,2,2,2,3,0,6,0,2,3,2,2,6,6,2,2,2,2,2,4,3,1,2,4,2,2,2,2,3,2,1,3,3,4,3,1,4,1,1,1,1,2,6,2,6,1,2,0,3,1,0,3,1,1,1,1,2,6,6,1,6,2,1,2,2,1,2,0,2,6,2
"PP376564.1_|Human_respiratory_syncytial_virus_A_isolate_490103003,_complete_genome",18,4,3,4,3,4,4,4,3,5,3,6,3,3,7,5,4,3,3,5,7,4,8,6,4,3,3,3,3,3,3,6,6,3,6,5,6,4,5,7,6,6,7,5,5,3,4,5,5,5,7,5,5,9,5,3,6,5,5,6,4,7,5,3,6,3,4,7,5,3,5,7,5,5,4,5,6,7,5,5,5,8,5,8,5,9,8,4,7,7,5,5,4,5,5,5,8,5,5,5,5,5,4,3,7,3,5,6,5,5,7,9,5,5,5,5,5,7,6,4,5,7,5,5,5,5,6,5,4,6,6,7,6,4,7,4,4,2,4,3,9,3,9,2,5,3,6,4,3,0,4,4,4,2,1,9,9,4,9,3,4,5,5,4,5,3,5,9,3
"PP376568.1_|Human_respiratory_syncytial_virus_A_isolate_490103010,_complete_genome",17,2,1,2,1,4,2,2,1,3,1,4,1,1,5,3,2,1,3,3,5,2,6,4,2,1,3,1,1,1,1,4,4,1,4,3,4,2,3,5,4,4,5,3,3,1,2,3,3,3,5,3,3,7,3,1,4,3,3,4,0,5,3,1,4,1,2,7,3,1,3,7,3,3,4,3,4,7,3,3,3,6,3,6,3,7,6,4,7,7,3,3,2,3,3,3,6,3,5,3,3,3,4,1,7,1,3,4,3,3,7,7,3,3,3,3,3,5,4,2,3,5,3,3,3,3,4,3,2,4,4,5,4,0,5,2,0,2,2,3,7,3,7,2,3,1,4,0,1,4,0,0,0,2,3,7,7,2,7,3,0,3,3,0,3,1,3,7,3
"PP376571.1_|Human_respiratory_syncytial_virus_A_isolate_490103022,_complete_genome",17,2,1,2,1,4,2,2,1,3,1,4,1,1,5,3,2,1,3,3,5,2,6,4,2,1,3,1,1,1,1,4,4,1,4,3,4,2,3,5,4,4,5,3,3,1,2,3,3,3,5,3,3,7,3,1,4,3,3,4,0,5,3,1,4,1,2,7,3,1,3,7,3,3,4,3,4,7,3,3,3,6,3,6,3,7,6,4,7,7,3,3,2,3,3,3,6,3,5,3,3,3,4,1,7,1,3,4,3,3,7,7,3,3,3,3,3,5,4,2,3,5,3,3,3,3,4,3,2,4,4,5,4,0,5,2,0,2,2,3,7,3,7,2,3,1,4,0,1,4,0,0,0,2,3,7,7,2,7,3,0,3,3,0,3,1,3,7,3
"PP376585.1_|Human_respiratory_syncytial_virus_A_isolate_490103024,_complete_genome",17,2,1,2,1,4,2,2,1,3,1,4,1,1,5,3,2,1,3,3,5,2,6,4,2,1,3,1,1,1,1,4,4,1,4,3,4,2,3,5,4,4,5,3,3,1,2,3,3,3,5,3,3,7,3,1,4,3,3,4,0,5,3,1,4,1,2,7,3,1,3,7,3,3,4,3,4,7,3,3,3,6,3,6,3,7,6,4,7,7,3,3,2,3,3,3,6,3,5,3,3,3,4,1,7,1,3,4,3,3,7,7,3,3,3,3,3,5,4,2,3,5,3,3,3,3,4,3,2,4,4,5,4,0,5,2,0,2,2,3,7,3,7,2,3,1,4,0,1,4,0,0,0,2,3,7,7,2,7,3,0,3,3,0,3,1,3,7,3
"PP376595.1_|Human_respiratory_syncytial_virus_A_isolate_490102018,_complete_genome",16,2,1,2,1,4,1,2,1,3,1,4,1,1,5,2,2,1,3,3,5,2,6,4,2,1,3,1,1,1,1,4,4,1,3,3,3,2,2,5,4,4,5,3,3,1,2,3,3,3,5,3,3,7,3,1,4,3,3,4,2,5,3,1,4,1,2,5,3,1,3,5,4,3,4,3,4,5,3,3,3,6,3,6,3,7,6,4,5,5,3,3,2,3,3,3,6,4,5,3,3,3,4,1,5,1,3,4,3,3,5,7,3,3,3,3,3,5,4,2,3,5,3,3,3,3,4,3,2,4,4,5,4,2,5,2,2,0,2,1,7,1,7,0,3,1,3,2,1,2,2,2,2,0,1,7,7,2,7,1,2,3,3,2,3,1,3,7,1
"PP376596.1_|Human_respiratory_syncytial_virus_A_isolate_490103018,_complete_genome",17,3,2,3,2,3,3,3,2,4,2,5,2,2,6,4,3,2,2,4,6,3,7,5,3,2,2,2,2,2,2,5,5,2,5,4,5,3,4,6,5,5,6,4,4,2,3,4,4,4,6,4,4,8,4,2,5,4,4,5,3,6,4,2,5,2,3,6,4,2,4,6,4,4,3,4,5,6,4,4,4,7,4,7,4,8,7,3,6,6,4,4,3,4,4,4,7,4,4,4,4,4,3,2,6,2,4,5,4,4,6,8,4,4,4,4,4,6,5,3,4,6,4,4,4,4,5,4,3,5,5,6,5,3,6,3,3,1,3,2,8,2,8,1,4,2,5,3,2,1,3,3,3,1,0,8,8,3,8,2,3,4,4,3,4,2,4,8,2
"PP376615.1_|Human_respiratory_syncytial_virus_A_isolate_490103012,_complete_genome",20,7,6,7,6,9,7,7,6,8,6,9,6,6,10,8,5,6,8,8,10,7,11,9,7,6,8,6,6,6,6,9,9,6,9,6,9,7,8,10,9,7,10,6,6,6,7,8,8,8,10,6,6,0,8,6,9,8,8,9,7,10,8,6,9,6,7,12,8,6,8,12,8,8,9,8,9,12,8,8,8,11,8,11,8,12,10,9,12,12,8,8,7,8,8,8,11,8,10,8,8,8,9,6,12,6,8,9,8,8,12,12,8,8,8,8,8,10,9,7,8,10,8,8,7,8,9,8,7,9,9,10,9,7,10,7,7,7,7,8,0,8,0,7,8,6,9,7,6,9,7,7,7,7,8,0,0,5,0,8,7,8,8,7,8,6,8,0,8
"PP376616.1_|Human_respiratory_syncytial_virus_A_isolate_490103014,_complete_genome",20,7,6,7,6,9,7,7,6,8,6,9,6,6,10,8,5,6,8,8,10,7,11,9,7,6,8,6,6,6,6,9,9,6,9,6,9,7,8,10,9,7,10,6,6,6,7,8,8,8,10,6,6,0,8,6,9,8,8,9,7,10,8,6,9,6,7,12,8,6,8,12,8,8,9,8,9,12,8,8,8,11,8,11,8,12,10,9,12,12,8,8,7,8,8,8,11,8,10,8,8,8,9,6,12,6,8,9,8,8,12,12,8,8,8,8,8,10,9,7,8,10,8,8,7,8,9,8,7,9,9,10,9,7,10,7,7,7,7,8,0,8,0,7,8,6,9,7,6,9,7,7,7,7,8,0,0,5,0,8,7,8,8,7,8,6,8,0,8
"PP376625.1_|Human_respiratory_syncytial_virus_A_isolate_490103019,_complete_genome",15,2,1,2,1,4,2,2,1,3,1,4,1,1,5,3,0,1,3,3,5,2,6,4,2,1,3,1,1,1,1,4,4,1,4,3,4,2,3,5,4,2,5,3,3,1,2,3,3,3,5,3,3,5,3,1,4,3,3,4,2,5,3,1,4,1,2,7,3,1,3,7,3,3,4,3,4,7,3,3,3,6,3,6,3,7,6,4,7,7,3,3,2,3,3,3,6,3,5,3,3,3,4,1,7,1,3,4,3,3,7,7,3,3,3,3,3,5,4,2,3,5,3,3,3,3,4,3,2,4,4,5,4,2,5,2,2,2,2,3,5,3,5,2,3,1,4,2,1,4,2,2,2,2,3,5,5,0,5,3,2,3,3,2,3,1,3,5,3
"PP376637.1_|Human_respiratory_syncytial_virus_A_isolate_490103025,_complete_genome",20,7,6,7,6,9,7,7,6,8,6,9,6,6,10,8,5,6,8,8,10,7,11,9,7,6,8,6,6,6,6,9,9,6,9,6,9,7,8,10,9,7,10,6,6,6,7,8,8,8,10,6,6,0,8,6,9,8,8,9,7,10,8,6,9,6,7,12,8,6,8,12,8,8,9,8,9,12,8,8,8,11,8,11,8,12,10,9,12,12,8,8,7,8,8,8,11,8,10,8,8,8,9,6,12,6,8,9,8,8,12,12,8,8,8,8,8,10,9,7,8,10,8,8,7,8,9,8,7,9,9,10,9,7,10,7,7,7,7,8,0,8,0,7,8,6,9,7,6,9,7,7,7,7,8,0,0,5,0,8,7,8,8,7,8,6,8,0,8
"PP376639.1_|Human_respiratory_syncytial_virus_A_isolate_490102008,_complete_genome",17,3,2,3,2,5,2,3,2,4,2,5,2,2,6,3,3,2,4,4,6,3,7,5,3,2,4,2,2,1,2,5,5,2,4,4,4,3,3,6,5,5,6,4,4,2,3,4,4,4,6,4,4,8,4,2,5,4,4,5,3,6,4,2,5,2,3,6,4,2,4,6,5,4,5,4,5,6,4,4,4,7,4,7,4,8,7,5,6,6,4,4,3,4,4,4,7,5,6,4,4,4,5,2,6,2,4,5,4,4,6,8,4,4,4,4,4,6,5,3,4,6,4,4,4,4,5,4,3,5,5,6,5,3,6,3,3,1,3,2,8,2,8,1,4,2,4,3,2,3,3,3,3,1,2,8,8,3,8,0,3,4,4,3,4,2,4,8,2
"PP376646.1_|Human_respiratory_syncytial_virus_A_isolate_490103027,_complete_genome",17,2,1,2,1,4,2,2,1,3,1,4,1,1,5,3,2,1,3,3,5,2,6,4,2,1,3,1,1,1,1,4,4,1,4,3,4,2,3,5,4,4,5,3,3,1,2,3,3,3,5,3,3,7,3,1,4,3,3,4,0,5,3,1,4,1,2,7,3,1,3,7,3,3,4,3,4,7,3,3,3,6,3,6,3,7,6,4,7,7,3,3,2,3,3,3,6,3,5,3,3,3,4,1,7,1,3,4,3,3,7,7,3,3,3,3,3,5,4,2,3,5,3,3,3,3,4,3,2,4,4,5,4,0,5,2,0,2,2,3,7,3,7,2,3,1,4,0,1,4,0,0,0,2,3,7,7,2,7,3,0,3,3,0,3,1,3,7,3
"PP376657.1_|Human_respiratory_syncytial_virus_A_isolate_490102024,_complete_genome",16,3,2,3,2,5,3,3,2,4,2,5,2,2,6,4,3,2,4,4,6,3,7,3,3,2,4,2,2,2,2,3,3,2,5,4,5,3,4,6,5,5,6,4,4,2,3,4,4,4,6,4,4,8,4,2,5,4,4,2,3,6,4,2,5,1,3,8,4,2,4,8,4,4,5,4,3,8,4,4,4,7,4,7,4,8,6,5,8,8,4,4,3,4,4,4,7,4,6,4,4,4,5,1,8,1,4,5,4,4,8,8,4,4,4,4,4,6,5,2,4,6,4,4,4,4,5,4,3,5,5,6,5,3,6,3,3,3,3,4,8,4,8,3,4,2,5,3,2,5,3,3,3,3,4,8,8,3,8,4,3,0,4,3,4,2,4,8,4
"PP376684.1_|Human_respiratory_syncytial_virus_A_isolate_490103004,_complete_genome",15,3,2,3,2,5,3,1,2,4,2,4,2,2,6,4,3,2,4,4,6,3,7,5,1,2,4,2,2,2,2,5,5,2,5,4,5,3,4,6,1,5,6,4,4,2,3,4,0,2,6,4,4,8,0,2,5,4,4,5,3,6,0,2,1,2,3,8,0,2,0,8,4,0,1,0,1,8,0,4,4,3,0,7,0,8,3,1,8,8,0,0,3,4,4,4,7,4,2,0,0,0,1,2,8,2,4,1,0,0,8,8,0,0,0,0,0,6,1,3,0,2,0,0,0,0,4,0,3,5,1,6,4,3,6,3,3,3,3,4,8,4,8,3,0,2,5,3,2,5,3,3,3,3,4,8,8,3,8,4,3,4,0,3,2,2,2,8,4
"PP376714.1_|Human_respiratory_syncytial_virus_A_isolate_490103032,_complete_genome",17,2,1,2,1,4,2,2,1,3,1,4,1,1,5,3,2,1,3,3,5,2,6,4,2,1,3,1,1,1,1,4,4,1,4,3,4,2,3,5,4,4,5,3,3,1,2,3,3,3,5,3,3,7,3,1,4,3,3,4,0,5,3,1,4,1,2,7,3,1,3,7,3,3,4,3,4,7,3,3,3,6,3,6,3,7,6,4,7,7,3,3,2,3,3,3,6,3,5,3,3,3,4,1,7,1,3,4,3,3,7,7,3,3,3,3,3,5,4,2,3,5,3,3,3,3,4,3,2,4,4,5,4,0,5,2,0,2,2,3,7,3,7,2,3,1,4,0,1,4,0,0,0,2,3,7,7,2,7,3,0,3,3,0,3,1,3,7,3
"PP376767.1_|Human_respiratory_syncytial_virus_A_isolate_490103005,_complete_genome",15,3,2,3,2,5,3,1,2,4,2,5,2,2,6,4,3,2,4,2,6,3,7,5,1,2,4,2,2,2,2,5,5,2,5,4,5,3,4,6,3,5,6,4,4,2,3,4,2,0,6,4,4,8,2,2,5,4,4,5,3,6,2,2,3,2,3,8,2,2,2,8,4,2,3,2,3,8,2,4,4,5,2,7,2,8,5,3,8,8,2,2,3,4,4,4,7,4,4,2,2,2,3,2,8,2,4,3,2,2,8,8,2,2,2,2,2,6,3,3,2,4,2,2,2,2,5,2,3,5,3,6,5,3,6,3,3,3,3,4,8,4,8,3,2,2,5,3,2,5,3,3,3,3,4,8,8,3,8,4,3,4,2,3,0,2,0,8,4
"PP376782.1_|Human_respiratory_syncytial_virus_A_isolate_490103006,_complete_genome",16,1,0,1,0,3,1,1,0,2,0,3,0,0,4,2,1,0,2,2,4,1,5,3,1,0,2,0,0,0,0,3,3,0,3,2,3,1,2,4,3,3,4,2,2,0,1,2,2,2,4,2,2,6,2,0,3,2,2,3,1,4,2,0,3,0,1,6,2,0,2,6,2,2,3,2,3,6,2,2,2,5,2,5,2,6,5,3,6,6,2,2,1,2,2,2,5,2,4,2,2,2,3,0,6,0,2,3,2,2,6,6,2,2,2,2,2,4,3,1,2,4,2,2,2,2,3,2,1,3,3,4,3,1,4,1,1,1,1,2,6,2,6,1,2,0,3,1,0,3,1,1,1,1,2,6,6,1,6,2,1,2,2,1,2,0,2,6,2
"PP376785.1_|Human_respiratory_syncytial_virus_A_isolate_490103033,_complete_genome",15,3,2,3,2,5,3,1,2,4,2,5,2,2,6,4,3,2,4,2,6,3,7,5,1,2,4,2,2,2,2,5,5,2,5,4,5,3,4,6,3,5,6,4,4,2,3,4,2,0,6,4,4,8,2,2,5,4,4,5,3,6,2,2,3,2,3,8,2,2,2,8,4,2,3,2,3,8,2,4,4,5,2,7,2,8,5,3,8,8,2,2,3,4,4,4,7,4,4,2,2,2,3,2,8,2,4,3,2,2,8,8,2,2,2,2,2,6,3,3,2,4,2,2,2,2,5,2,3,5,3,6,5,3,6,3,3,3,3,4,8,4,8,3,2,2,5,3,2,5,3,3,3,3,4,8,8,3,8,4,3,4,2,3,0,2,0,8,4
"PP376789.1_|Human_respiratory_syncytial_virus_A_isolate_490103035,_complete_genome",20,7,6,7,6,9,7,7,6,8,6,9,6,6,10,8,5,6,8,8,10,7,11,9,7,6,8,6,6,6,6,9,9,6,9,6,9,7,8,10,9,7,10,6,6,6,7,8,8,8,10,6,6,0,8,6,9,8,8,9,7,10,8,6,9,6,7,12,8,6,8,12,8,8,9,8,9,12,8,8,8,11,8,11,8,12,10,9,12,12,8,8,7,8,8,8,11,8,10,8,8,8,9,6,12,6,8,9,8,8,12,12,8,8,8,8,8,10,9,7,8,10,8,8,7,8,9,8,7,9,9,10,9,7,10,7,7,7,7,8,0,8,0,7,8,6,9,7,6,9,7,7,7,7,8,0,0,5,0,8,7,8,8,7,8,6,8,0,8
"PP376797.1_|Human_respiratory_syncytial_virus_A_isolate_490103017,_complete_genome",17,3,2,3,2,5,2,3,2,4,2,5,2,2,6,4,3,2,4,4,6,3,7,5,3,2,4,2,2,2,2,5,5,2,5,4,5,3,4,6,5,3,6,4,4,2,3,4,4,4,6,4,4,8,4,2,5,4,4,5,3,6,4,2,5,2,3,6,4,2,4,6,4,4,5,4,5,6,4,4,4,7,4,7,4,8,7,5,6,6,4,4,3,4,4,4,7,4,6,4,4,4,5,2,6,2,4,5,4,4,6,8,4,4,4,4,4,6,5,3,4,6,4,4,4,4,5,4,3,5,5,6,5,3,6,3,3,1,3,0,8,0,8,1,4,2,5,3,2,3,3,3,3,1,2,8,8,3,8,2,3,4,4,3,4,2,4,8,0
