"","Accession","Organism_Name","Organization","Org_location","Isolate","Molecule_type","Length","Nuc_Completeness","Country","Collection_Date","GenBank_Title","Collection_Year","Collection_Month","MMWRyear","MMWRweek","MMWRday","Collection_Season","Type"
"1","MW582528.1","Human respiratory syncytial virus A","RIZ, University of Veterinary Medicine","Germany","594","ssRNA(-)",15277,"complete","Germany",2015-03-15,"Human respiratory syncytial virus A isolate 0594, complete genome",2015,3,2015,11,1,"2014/2015","A"
"169","MZ568932.1","Human respiratory syncytial virus B","Robert Koch Insitut","","GER/316/16-17","ssRNA(-)",15242,"complete","Germany",2016-10-31,"Human respiratory syncytial virus B isolate GER/316/16-17, complete genome",2016,10,2016,44,2,"2016/2017","B"
"170","MZ568937.1","Human respiratory syncytial virus B","Robert Koch Insitut","","GER/416/16-17","ssRNA(-)",15141,"complete","Germany",2016-11-07,"Human respiratory syncytial virus B isolate GER/416/16-17, complete genome",2016,11,2016,45,2,"2016/2017","B"
"171","MZ568949.1","Human respiratory syncytial virus B","Robert Koch Insitut","","GER/987/15-16","ssRNA(-)",15135,"complete","Germany",2015-12-28,"Human respiratory syncytial virus B isolate GER/987/15-16, complete genome",2015,12,2015,52,2,"2015/2016","B"
"172","MZ568951.1","Human respiratory syncytial virus B","Robert Koch Insitut","","GER/1122/15-16","ssRNA(-)",15142,"complete","Germany",2016-01-11,"Human respiratory syncytial virus B isolate GER/1122/15-16, complete genome",2016,1,2016,2,2,"2015/2016","B"
"173","MZ568957.1","Human respiratory syncytial virus B","Robert Koch Insitut","","GER/1324/17-18","ssRNA(-)",15131,"complete","Germany",2017-12-21,"Human respiratory syncytial virus B isolate GER/1324/17-18, complete genome",2017,12,2017,51,5,"2017/2018","B"
"174","MZ568959.1","Human respiratory syncytial virus B","Robert Koch Insitut","","GER/1626/18-19","ssRNA(-)",15138,"complete","Germany",2019-01-17,"Human respiratory syncytial virus B isolate GER/1626/18-19, complete genome",2019,1,2019,3,5,"2018/2019","B"
"175","MZ568960.1","Human respiratory syncytial virus B","Robert Koch Insitut","","GER/1666/18-19","ssRNA(-)",15240,"complete","Germany",2019-01-23,"Human respiratory syncytial virus B isolate GER/1666/18-19, complete genome",2019,1,2019,4,4,"2018/2019","B"
"176","MZ568961.1","Human respiratory syncytial virus B","Robert Koch Insitut","","GER/1793/18-19","ssRNA(-)",15172,"complete","Germany",2019-01-28,"Human respiratory syncytial virus B isolate GER/1793/18-19, complete genome",2019,1,2019,5,2,"2018/2019","B"
"177","MZ568962.1","Human respiratory syncytial virus B","Robert Koch Insitut","","GER/1847/14-15","ssRNA(-)",14895,"partial","Germany",2015-01-20,"Human respiratory syncytial virus B isolate GER/1847/14-15, partial genome",2015,1,2015,3,3,"2014/2015","B"
"178","MZ568964.1","Human respiratory syncytial virus B","Robert Koch Insitut","","GER/1876/18-19","ssRNA(-)",15136,"complete","Germany",2019-01-28,"Human respiratory syncytial virus B isolate GER/1876/18-19, complete genome",2019,1,2019,5,2,"2018/2019","B"
"179","MZ568965.1","Human respiratory syncytial virus B","Robert Koch Insitut","","GER/1912/16-17","ssRNA(-)",15241,"complete","Germany",2017-01-13,"Human respiratory syncytial virus B isolate GER/1912/16-17, complete genome",2017,1,2017,2,6,"2016/2017","B"
"180","MZ568966.1","Human respiratory syncytial virus B","Robert Koch Insitut","","GER/1922/14-15","ssRNA(-)",15144,"complete","Germany",2015-01-21,"Human respiratory syncytial virus B isolate GER/1922/14-15, complete genome",2015,1,2015,3,4,"2014/2015","B"
"181","MZ568968.1","Human respiratory syncytial virus B","Robert Koch Insitut","","GER/1994/15-16","ssRNA(-)",15019,"complete","Germany",2016-02-16,"Human respiratory syncytial virus B isolate GER/1994/15-16, complete genome",2016,2,2016,7,3,"2015/2016","B"
"182","MZ568974.1","Human respiratory syncytial virus B","Robert Koch Insitut","","GER/2249/17-18","ssRNA(-)",15242,"complete","Germany",2018-01-22,"Human respiratory syncytial virus B isolate GER/2249/17-18, complete genome",2018,1,2018,4,2,"2017/2018","B"
"183","MZ568978.1","Human respiratory syncytial virus B","Robert Koch Insitut","","GER/2421/16-17","ssRNA(-)",15158,"complete","Germany",2017-01-24,"Human respiratory syncytial virus B isolate GER/2421/16-17, complete genome",2017,1,2017,4,3,"2016/2017","B"
"184","MZ568985.1","Human respiratory syncytial virus B","Robert Koch Insitut","","GER/2689/14-15","ssRNA(-)",15130,"complete","Germany",2015-02-09,"Human respiratory syncytial virus B isolate GER/2689/14-15, complete genome",2015,2,2015,6,2,"2014/2015","B"
"185","MZ568989.1","Human respiratory syncytial virus B","Robert Koch Insitut","","GER/2876/14-15","ssRNA(-)",15120,"complete","Germany",2015-02-11,"Human respiratory syncytial virus B isolate GER/2876/14-15, complete genome",2015,2,2015,6,4,"2014/2015","B"
"186","MZ568996.1","Human respiratory syncytial virus B","Robert Koch Insitut","","GER/3371/14-15","ssRNA(-)",15132,"complete","Germany",2015-02-23,"Human respiratory syncytial virus B isolate GER/3371/14-15, complete genome",2015,2,2015,8,2,"2014/2015","B"
"187","MZ568997.1","Human respiratory syncytial virus B","Robert Koch Insitut","","GER/3406/15-16","ssRNA(-)",15207,"complete","Germany",2016-03-22,"Human respiratory syncytial virus B isolate GER/3406/15-16, complete genome",2016,3,2016,12,3,"2015/2016","B"
"188","MZ569004.1","Human respiratory syncytial virus B","Robert Koch Insitut","","GER/3775/14-15","ssRNA(-)",15117,"complete","Germany",2015-03-02,"Human respiratory syncytial virus B isolate GER/3775/14-15, complete genome",2015,3,2015,9,2,"2014/2015","B"
"189","MZ569006.1","Human respiratory syncytial virus B","Robert Koch Insitut","","GER/4120/14-15","ssRNA(-)",15134,"complete","Germany",2015-03-09,"Human respiratory syncytial virus B isolate GER/4120/14-15, complete genome",2015,3,2015,10,2,"2014/2015","B"
"190","MZ569009.1","Human respiratory syncytial virus B","Robert Koch Insitut","","GER/5946/17-18","ssRNA(-)",15246,"complete","Germany",2018-04-09,"Human respiratory syncytial virus B isolate GER/5946/17-18, complete genome",2018,4,2018,15,2,"2017/2018","B"
"191","MZ569010.1","Human respiratory syncytial virus B","Robert Koch Insitut","","GER/6059/17-18","ssRNA(-)",15196,"complete","Germany",2018-04-20,"Human respiratory syncytial virus B isolate GER/6059/17-18, complete genome",2018,4,2018,16,6,"2017/2018","B"
"192","OR795211.1","Human respiratory syncytial virus B","Robert Koch Institut","Germany","hRSV/B/Germany/19-01402/2019","ssRNA(-)",15182,"complete","Germany",2019-01-11,"Human respiratory syncytial virus B isolate hRSV/B/Germany/19-01402/2019, complete genome",2019,1,2019,2,6,"2018/2019","B"
"193","OR795212.1","Human respiratory syncytial virus B","Robert Koch Institut","Germany","hRSV/B/Germany/19-01738/2019","ssRNA(-)",15203,"complete","Germany",2019-01-24,"Human respiratory syncytial virus B isolate hRSV/B/Germany/19-01738/2019, complete genome",2019,1,2019,4,5,"2018/2019","B"
"194","OR795213.1","Human respiratory syncytial virus B","Robert Koch Institut","Germany","hRSV/B/Germany/19-01837/2019","ssRNA(-)",15183,"complete","Germany",2019-01-25,"Human respiratory syncytial virus B isolate hRSV/B/Germany/19-01837/2019, complete genome",2019,1,2019,4,6,"2018/2019","B"
"195","OR795214.1","Human respiratory syncytial virus B","Robert Koch Institut","Germany","hRSV/B/Germany/19-01870/2019","ssRNA(-)",15061,"complete","Germany",2019-01-28,"Human respiratory syncytial virus B isolate hRSV/B/Germany/19-01870/2019, complete genome",2019,1,2019,5,2,"2018/2019","B"
"196","OR795215.1","Human respiratory syncytial virus B","Robert Koch Institut","Germany","hRSV/B/Germany/19-01872/2019","ssRNA(-)",15078,"complete","Germany",2019-01-28,"Human respiratory syncytial virus B isolate hRSV/B/Germany/19-01872/2019, complete genome",2019,1,2019,5,2,"2018/2019","B"
"197","OR795216.1","Human respiratory syncytial virus B","Robert Koch Institut","Germany","hRSV/B/Germany/19-02072/2019","ssRNA(-)",15199,"complete","Germany",2019-02-01,"Human respiratory syncytial virus B isolate hRSV/B/Germany/19-02072/2019, complete genome",2019,2,2019,5,6,"2018/2019","B"
"198","OR795217.1","Human respiratory syncytial virus B","Robert Koch Institut","Germany","hRSV/B/Germany/19-02628/2019","ssRNA(-)",15254,"complete","Germany",2019-02-15,"Human respiratory syncytial virus B isolate hRSV/B/Germany/19-02628/2019, complete genome",2019,2,2019,7,6,"2018/2019","B"
"199","OR795218.1","Human respiratory syncytial virus B","Robert Koch Institut","Germany","hRSV/B/Germany/19-02631/2019","ssRNA(-)",15243,"complete","Germany",2019-02-15,"Human respiratory syncytial virus B isolate hRSV/B/Germany/19-02631/2019, complete genome",2019,2,2019,7,6,"2018/2019","B"
"200","OR795219.1","Human respiratory syncytial virus B","Robert Koch Institut","Germany","hRSV/B/Germany/19-02693/2019","ssRNA(-)",15265,"complete","Germany",2019-02-18,"Human respiratory syncytial virus B isolate hRSV/B/Germany/19-02693/2019, complete genome",2019,2,2019,8,2,"2018/2019","B"
"201","OR795220.1","Human respiratory syncytial virus B","Robert Koch Institut","Germany","hRSV/B/Germany/19-02699/2019","ssRNA(-)",15188,"complete","Germany",2019-02-17,"Human respiratory syncytial virus B isolate hRSV/B/Germany/19-02699/2019, complete genome",2019,2,2019,8,1,"2018/2019","B"
"202","OR795221.1","Human respiratory syncytial virus B","Robert Koch Institut","Germany","hRSV/B/Germany/19-02700/2019","ssRNA(-)",15217,"complete","Germany",2019-02-17,"Human respiratory syncytial virus B isolate hRSV/B/Germany/19-02700/2019, complete genome",2019,2,2019,8,1,"2018/2019","B"
"203","OR795222.1","Human respiratory syncytial virus B","Robert Koch Institut","Germany","hRSV/B/Germany/19-03120/2019","ssRNA(-)",15222,"complete","Germany",2019-02-26,"Human respiratory syncytial virus B isolate hRSV/B/Germany/19-03120/2019, complete genome",2019,2,2019,9,3,"2018/2019","B"
"204","OR795223.1","Human respiratory syncytial virus B","Robert Koch Institut","Germany","hRSV/B/Germany/19-03221/2019","ssRNA(-)",15266,"complete","Germany",2019-03-06,"Human respiratory syncytial virus B isolate hRSV/B/Germany/19-03221/2019, complete genome",2019,3,2019,10,4,"2018/2019","B"
"205","OR795224.1","Human respiratory syncytial virus B","Robert Koch Institut","Germany","hRSV/B/Germany/19-03354/2019","ssRNA(-)",15266,"complete","Germany",2019-03-09,"Human respiratory syncytial virus B isolate hRSV/B/Germany/19-03354/2019, complete genome",2019,3,2019,10,7,"2018/2019","B"
"206","OR795225.1","Human respiratory syncytial virus B","Robert Koch Institut","Germany","hRSV/B/Germany/19-03357/2019","ssRNA(-)",15261,"complete","Germany",2019-03-06,"Human respiratory syncytial virus B isolate hRSV/B/Germany/19-03357/2019, complete genome",2019,3,2019,10,4,"2018/2019","B"
"207","OR795226.1","Human respiratory syncytial virus B","Robert Koch Institut","Germany","hRSV/B/Germany/20-02635/2020","ssRNA(-)",15257,"complete","Germany",2020-02-24,"Human respiratory syncytial virus B isolate hRSV/B/Germany/20-02635/2020, complete genome",2020,2,2020,9,2,"2019/2020","B"
"208","OR795227.1","Human respiratory syncytial virus B","Robert Koch Institut","Germany","hRSV/B/Germany/20-03008/2020","ssRNA(-)",15217,"complete","Germany",2020-03-02,"Human respiratory syncytial virus B isolate hRSV/B/Germany/20-03008/2020, complete genome",2020,3,2020,10,2,"2019/2020","B"
"209","OR795228.1","Human respiratory syncytial virus B","Robert Koch Institut","Germany","hRSV/B/Germany/20-03626/2020","ssRNA(-)",15180,"complete","Germany",2020-03-17,"Human respiratory syncytial virus B isolate hRSV/B/Germany/20-03626/2020, complete genome",2020,3,2020,12,3,"2019/2020","B"
"210","OR795229.1","Human respiratory syncytial virus B","Robert Koch Institut","Germany","hRSV/B/Germany/21-05218/2021","ssRNA(-)",15211,"complete","Germany",2021-06-17,"Human respiratory syncytial virus B isolate hRSV/B/Germany/21-05218/2021, complete genome",2021,6,2021,24,5,"2020/2021","B"
"211","OR795230.1","Human respiratory syncytial virus B","Robert Koch Institut","Germany","hRSV/B/Germany/21-06291/2021","ssRNA(-)",15174,"complete","Germany",2021-06-17,"Human respiratory syncytial virus B isolate hRSV/B/Germany/21-06291/2021, complete genome",2021,6,2021,24,5,"2020/2021","B"
"212","OR795231.1","Human respiratory syncytial virus B","Robert Koch Institut","Germany","hRSV/B/Germany/21-06352/2021","ssRNA(-)",15254,"complete","Germany",2021-08-20,"Human respiratory syncytial virus B isolate hRSV/B/Germany/21-06352/2021, complete genome",2021,8,2021,33,6,"2020/2021","B"
"213","OR795232.1","Human respiratory syncytial virus B","Robert Koch Institut","Germany","hRSV/B/Germany/21-06788/2021","ssRNA(-)",15211,"complete","Germany",2021-09-09,"Human respiratory syncytial virus B isolate hRSV/B/Germany/21-06788/2021, complete genome",2021,9,2021,36,5,"2020/2021","B"
"214","OR795233.1","Human respiratory syncytial virus B","Robert Koch Institut","Germany","hRSV/B/Germany/21-06864/2021","ssRNA(-)",15254,"complete","Germany",2021-09-13,"Human respiratory syncytial virus B isolate hRSV/B/Germany/21-06864/2021, complete genome",2021,9,2021,37,2,"2020/2021","B"
"215","OR795234.1","Human respiratory syncytial virus B","Robert Koch Institut","Germany","hRSV/B/Germany/21-06877/2021","ssRNA(-)",15212,"complete","Germany",2021-09-14,"Human respiratory syncytial virus B isolate hRSV/B/Germany/21-06877/2021, complete genome",2021,9,2021,37,3,"2020/2021","B"
"216","OR795235.1","Human respiratory syncytial virus B","Robert Koch Institut","Germany","hRSV/B/Germany/22-00086/2021","ssRNA(-)",15258,"complete","Germany",2021-09-30,"Human respiratory syncytial virus B isolate hRSV/B/Germany/22-00086/2021, complete genome",2021,9,2021,39,5,"2020/2021","B"
"217","OR795236.1","Human respiratory syncytial virus B","Robert Koch Institut","Germany","hRSV/B/Germany/22-00142/2021","ssRNA(-)",15257,"complete","Germany",2021-10-03,"Human respiratory syncytial virus B isolate hRSV/B/Germany/22-00142/2021, complete genome",2021,10,2021,40,1,"2021/2022","B"
"218","OR795237.1","Human respiratory syncytial virus B","Robert Koch Institut","Germany","hRSV/B/Germany/22-00161/2021","ssRNA(-)",15265,"complete","Germany",2021-10-04,"Human respiratory syncytial virus B isolate hRSV/B/Germany/22-00161/2021, complete genome",2021,10,2021,40,2,"2021/2022","B"
"219","OR795238.1","Human respiratory syncytial virus B","Robert Koch Institut","Germany","hRSV/B/Germany/22-00184/2021","ssRNA(-)",15219,"complete","Germany",2021-10-06,"Human respiratory syncytial virus B isolate hRSV/B/Germany/22-00184/2021, complete genome",2021,10,2021,40,4,"2021/2022","B"
"220","OR795239.1","Human respiratory syncytial virus B","Robert Koch Institut","Germany","hRSV/B/Germany/22-00346/2021","ssRNA(-)",15217,"complete","Germany",2021-10-11,"Human respiratory syncytial virus B isolate hRSV/B/Germany/22-00346/2021, complete genome",2021,10,2021,41,2,"2021/2022","B"
"221","OR795240.1","Human respiratory syncytial virus B","Robert Koch Institut","Germany","hRSV/B/Germany/22-00430/2021","ssRNA(-)",15211,"complete","Germany",2021-10-13,"Human respiratory syncytial virus B isolate hRSV/B/Germany/22-00430/2021, complete genome",2021,10,2021,41,4,"2021/2022","B"
"222","OR795241.1","Human respiratory syncytial virus B","Robert Koch Institut","Germany","hRSV/B/Germany/22-00578/2021","ssRNA(-)",15270,"complete","Germany",2021-10-19,"Human respiratory syncytial virus B isolate hRSV/B/Germany/22-00578/2021, complete genome",2021,10,2021,42,3,"2021/2022","B"
"223","OR795242.1","Human respiratory syncytial virus B","Robert Koch Institut","Germany","hRSV/B/Germany/22-00642/2021","ssRNA(-)",15258,"complete","Germany",2021-10-18,"Human respiratory syncytial virus B isolate hRSV/B/Germany/22-00642/2021, complete genome",2021,10,2021,42,2,"2021/2022","B"
"224","OR795243.1","Human respiratory syncytial virus B","Robert Koch Institut","Germany","hRSV/B/Germany/22-00745/2021","ssRNA(-)",15247,"complete","Germany",2021-10-25,"Human respiratory syncytial virus B isolate hRSV/B/Germany/22-00745/2021, complete genome",2021,10,2021,43,2,"2021/2022","B"
"225","OR795244.1","Human respiratory syncytial virus B","Robert Koch Institut","Germany","hRSV/B/Germany/22-00768/2021","ssRNA(-)",15258,"complete","Germany",2021-10-21,"Human respiratory syncytial virus B isolate hRSV/B/Germany/22-00768/2021, complete genome",2021,10,2021,42,5,"2021/2022","B"
"226","OR795245.1","Human respiratory syncytial virus B","Robert Koch Institut","Germany","hRSV/B/Germany/22-00789/2021","ssRNA(-)",15253,"complete","Germany",2021-10-22,"Human respiratory syncytial virus B isolate hRSV/B/Germany/22-00789/2021, complete genome",2021,10,2021,42,6,"2021/2022","B"
"227","OR795246.1","Human respiratory syncytial virus B","Robert Koch Institut","Germany","hRSV/B/Germany/22-00798/2021","ssRNA(-)",15213,"complete","Germany",2021-10-26,"Human respiratory syncytial virus B isolate hRSV/B/Germany/22-00798/2021, complete genome",2021,10,2021,43,3,"2021/2022","B"
"228","OR795247.1","Human respiratory syncytial virus B","Robert Koch Institut","Germany","hRSV/B/Germany/22-00815/2021","ssRNA(-)",15217,"complete","Germany",2021-10-26,"Human respiratory syncytial virus B isolate hRSV/B/Germany/22-00815/2021, complete genome",2021,10,2021,43,3,"2021/2022","B"
"229","OR795248.1","Human respiratory syncytial virus B","Robert Koch Institut","Germany","hRSV/B/Germany/22-01124/2021","ssRNA(-)",15220,"complete","Germany",2021-11-04,"Human respiratory syncytial virus B isolate hRSV/B/Germany/22-01124/2021, complete genome",2021,11,2021,44,5,"2021/2022","B"
"230","OR795249.1","Human respiratory syncytial virus B","Robert Koch Institut","Germany","hRSV/B/Germany/22-01128/2021","ssRNA(-)",15254,"complete","Germany",2021-11-03,"Human respiratory syncytial virus B isolate hRSV/B/Germany/22-01128/2021, complete genome",2021,11,2021,44,4,"2021/2022","B"
"231","OR795250.1","Human respiratory syncytial virus B","Robert Koch Institut","Germany","hRSV/B/Germany/22-01261/2021","ssRNA(-)",15210,"complete","Germany",2021-11-08,"Human respiratory syncytial virus B isolate hRSV/B/Germany/22-01261/2021, complete genome",2021,11,2021,45,2,"2021/2022","B"
"232","OR795251.1","Human respiratory syncytial virus B","Robert Koch Institut","Germany","hRSV/B/Germany/22-01319/2021","ssRNA(-)",15220,"complete","Germany",2021-11-04,"Human respiratory syncytial virus B isolate hRSV/B/Germany/22-01319/2021, complete genome",2021,11,2021,44,5,"2021/2022","B"
"233","OR795252.1","Human respiratory syncytial virus B","Robert Koch Institut","Germany","hRSV/B/Germany/22-01489/2021","ssRNA(-)",15218,"complete","Germany",2021-11-11,"Human respiratory syncytial virus B isolate hRSV/B/Germany/22-01489/2021, complete genome",2021,11,2021,45,5,"2021/2022","B"
"234","OR795253.1","Human respiratory syncytial virus B","Robert Koch Institut","Germany","hRSV/B/Germany/22-01518/2021","ssRNA(-)",15218,"complete","Germany",2021-11-12,"Human respiratory syncytial virus B isolate hRSV/B/Germany/22-01518/2021, complete genome",2021,11,2021,45,6,"2021/2022","B"
"235","OR795254.1","Human respiratory syncytial virus B","Robert Koch Institut","Germany","hRSV/B/Germany/22-01633/2021","ssRNA(-)",15259,"complete","Germany",2021-11-15,"Human respiratory syncytial virus B isolate hRSV/B/Germany/22-01633/2021, complete genome",2021,11,2021,46,2,"2021/2022","B"
"236","OR795255.1","Human respiratory syncytial virus B","Robert Koch Institut","Germany","hRSV/B/Germany/22-01678/2021","ssRNA(-)",15257,"complete","Germany",2021-11-17,"Human respiratory syncytial virus B isolate hRSV/B/Germany/22-01678/2021, complete genome",2021,11,2021,46,4,"2021/2022","B"
"237","OR795256.1","Human respiratory syncytial virus B","Robert Koch Institut","Germany","hRSV/B/Germany/22-01785/2021","ssRNA(-)",15221,"complete","Germany",2021-11-15,"Human respiratory syncytial virus B isolate hRSV/B/Germany/22-01785/2021, complete genome",2021,11,2021,46,2,"2021/2022","B"
"238","OR795257.1","Human respiratory syncytial virus B","Robert Koch Institut","Germany","hRSV/B/Germany/22-01932/2021","ssRNA(-)",15259,"complete","Germany",2021-11-25,"Human respiratory syncytial virus B isolate hRSV/B/Germany/22-01932/2021, complete genome",2021,11,2021,47,5,"2021/2022","B"
"239","OR795258.1","Human respiratory syncytial virus B","Robert Koch Institut","Germany","hRSV/B/Germany/22-01996/2021","ssRNA(-)",15211,"complete","Germany",2021-11-21,"Human respiratory syncytial virus B isolate hRSV/B/Germany/22-01996/2021, complete genome",2021,11,2021,47,1,"2021/2022","B"
"240","OR795259.1","Human respiratory syncytial virus B","Robert Koch Institut","Germany","hRSV/B/Germany/22-02190/2021","ssRNA(-)",15215,"complete","Germany",2021-11-25,"Human respiratory syncytial virus B isolate hRSV/B/Germany/22-02190/2021, complete genome",2021,11,2021,47,5,"2021/2022","B"
"241","OR795260.1","Human respiratory syncytial virus B","Robert Koch Institut","Germany","hRSV/B/Germany/22-02282/2021","ssRNA(-)",15258,"complete","Germany",2021-12-01,"Human respiratory syncytial virus B isolate hRSV/B/Germany/22-02282/2021, complete genome",2021,12,2021,48,4,"2021/2022","B"
"242","OR795261.1","Human respiratory syncytial virus B","Robert Koch Institut","Germany","hRSV/B/Germany/22-02569/2021","ssRNA(-)",15270,"complete","Germany",2021-12-13,"Human respiratory syncytial virus B isolate hRSV/B/Germany/22-02569/2021, complete genome",2021,12,2021,50,2,"2021/2022","B"
"243","OR795262.1","Human respiratory syncytial virus B","Robert Koch Institut","Germany","hRSV/B/Germany/23-00124/2022","ssRNA(-)",15259,"complete","Germany",2022-10-04,"Human respiratory syncytial virus B isolate hRSV/B/Germany/23-00124/2022, complete genome",2022,10,2022,40,3,"2022/2023","B"
"244","OR795263.1","Human respiratory syncytial virus B","Robert Koch Institut","Germany","hRSV/B/Germany/23-00193/2022","ssRNA(-)",15222,"complete","Germany",2022-10-12,"Human respiratory syncytial virus B isolate hRSV/B/Germany/23-00193/2022, complete genome",2022,10,2022,41,4,"2022/2023","B"
"245","OR795264.1","Human respiratory syncytial virus B","Robert Koch Institut","Germany","hRSV/B/Germany/23-00307/2022","ssRNA(-)",15222,"complete","Germany",2022-10-17,"Human respiratory syncytial virus B isolate hRSV/B/Germany/23-00307/2022, complete genome",2022,10,2022,42,2,"2022/2023","B"
"246","OR795265.1","Human respiratory syncytial virus B","Robert Koch Institut","Germany","hRSV/B/Germany/23-00454/2022","ssRNA(-)",15214,"complete","Germany",2022-10-25,"Human respiratory syncytial virus B isolate hRSV/B/Germany/23-00454/2022, complete genome",2022,10,2022,43,3,"2022/2023","B"
"247","OR795266.1","Human respiratory syncytial virus B","Robert Koch Institut","Germany","hRSV/B/Germany/23-00550/2022","ssRNA(-)",15270,"complete","Germany",2022-10-27,"Human respiratory syncytial virus B isolate hRSV/B/Germany/23-00550/2022, complete genome",2022,10,2022,43,5,"2022/2023","B"
"248","OR795267.1","Human respiratory syncytial virus B","Robert Koch Institut","Germany","hRSV/B/Germany/23-00618/2022","ssRNA(-)",15091,"complete","Germany",2022-11-02,"Human respiratory syncytial virus B isolate hRSV/B/Germany/23-00618/2022, complete genome",2022,11,2022,44,4,"2022/2023","B"
"249","OR795268.1","Human respiratory syncytial virus B","Robert Koch Institut","Germany","hRSV/B/Germany/23-00747/2022","ssRNA(-)",15266,"complete","Germany",2022-11-07,"Human respiratory syncytial virus B isolate hRSV/B/Germany/23-00747/2022, complete genome",2022,11,2022,45,2,"2022/2023","B"
"250","OR795269.1","Human respiratory syncytial virus B","Robert Koch Institut","Germany","hRSV/B/Germany/23-00753/2022","ssRNA(-)",15261,"complete","Germany",2022-11-03,"Human respiratory syncytial virus B isolate hRSV/B/Germany/23-00753/2022, complete genome",2022,11,2022,44,5,"2022/2023","B"
"251","OR795270.1","Human respiratory syncytial virus B","Robert Koch Institut","Germany","hRSV/B/Germany/23-00758/2022","ssRNA(-)",15258,"complete","Germany",2022-11-07,"Human respiratory syncytial virus B isolate hRSV/B/Germany/23-00758/2022, complete genome",2022,11,2022,45,2,"2022/2023","B"
"252","OR795271.1","Human respiratory syncytial virus B","Robert Koch Institut","Germany","hRSV/B/Germany/23-00794/2022","ssRNA(-)",15213,"complete","Germany",2022-11-07,"Human respiratory syncytial virus B isolate hRSV/B/Germany/23-00794/2022, complete genome",2022,11,2022,45,2,"2022/2023","B"
"253","OR795272.1","Human respiratory syncytial virus B","Robert Koch Institut","Germany","hRSV/B/Germany/23-00795/2022","ssRNA(-)",15261,"complete","Germany",2022-11-07,"Human respiratory syncytial virus B isolate hRSV/B/Germany/23-00795/2022, complete genome",2022,11,2022,45,2,"2022/2023","B"
"254","OR795273.1","Human respiratory syncytial virus B","Robert Koch Institut","Germany","hRSV/B/Germany/23-00938/2022","ssRNA(-)",15270,"complete","Germany",2022-11-10,"Human respiratory syncytial virus B isolate hRSV/B/Germany/23-00938/2022, complete genome",2022,11,2022,45,5,"2022/2023","B"
"255","OR795274.1","Human respiratory syncytial virus B","Robert Koch Institut","Germany","hRSV/B/Germany/23-00941/2022","ssRNA(-)",15257,"complete","Germany",2022-11-11,"Human respiratory syncytial virus B isolate hRSV/B/Germany/23-00941/2022, complete genome",2022,11,2022,45,6,"2022/2023","B"
"256","OR795275.1","Human respiratory syncytial virus B","Robert Koch Institut","Germany","hRSV/B/Germany/23-01036/2022","ssRNA(-)",15090,"complete","Germany",2022-11-14,"Human respiratory syncytial virus B isolate hRSV/B/Germany/23-01036/2022, complete genome",2022,11,2022,46,2,"2022/2023","B"
"257","OR795276.1","Human respiratory syncytial virus B","Robert Koch Institut","Germany","hRSV/B/Germany/23-01092/2022","ssRNA(-)",15258,"complete","Germany",2022-11-14,"Human respiratory syncytial virus B isolate hRSV/B/Germany/23-01092/2022, complete genome",2022,11,2022,46,2,"2022/2023","B"
"258","OR795277.1","Human respiratory syncytial virus B","Robert Koch Institut","Germany","hRSV/B/Germany/23-01129/2022","ssRNA(-)",15222,"complete","Germany",2022-11-16,"Human respiratory syncytial virus B isolate hRSV/B/Germany/23-01129/2022, complete genome",2022,11,2022,46,4,"2022/2023","B"
"259","OR795278.1","Human respiratory syncytial virus B","Robert Koch Institut","Germany","hRSV/B/Germany/23-01164/2022","ssRNA(-)",15268,"complete","Germany",2022-11-15,"Human respiratory syncytial virus B isolate hRSV/B/Germany/23-01164/2022, complete genome",2022,11,2022,46,3,"2022/2023","B"
"260","OR795279.1","Human respiratory syncytial virus B","Robert Koch Institut","Germany","hRSV/B/Germany/23-01166/2022","ssRNA(-)",15214,"complete","Germany",2022-11-16,"Human respiratory syncytial virus B isolate hRSV/B/Germany/23-01166/2022, complete genome",2022,11,2022,46,4,"2022/2023","B"
"261","OR795280.1","Human respiratory syncytial virus B","Robert Koch Institut","Germany","hRSV/B/Germany/23-01167/2022","ssRNA(-)",15069,"complete","Germany",2022-11-17,"Human respiratory syncytial virus B isolate hRSV/B/Germany/23-01167/2022, complete genome",2022,11,2022,46,5,"2022/2023","B"
"262","OR795281.1","Human respiratory syncytial virus B","Robert Koch Institut","Germany","hRSV/B/Germany/23-01322/2022","ssRNA(-)",15220,"complete","Germany",2022-11-21,"Human respiratory syncytial virus B isolate hRSV/B/Germany/23-01322/2022, complete genome",2022,11,2022,47,2,"2022/2023","B"
"263","OR795282.1","Human respiratory syncytial virus B","Robert Koch Institut","Germany","hRSV/B/Germany/23-01347/2022","ssRNA(-)",15266,"complete","Germany",2022-11-21,"Human respiratory syncytial virus B isolate hRSV/B/Germany/23-01347/2022, complete genome",2022,11,2022,47,2,"2022/2023","B"
"264","OR795283.1","Human respiratory syncytial virus B","Robert Koch Institut","Germany","hRSV/B/Germany/23-01355/2022","ssRNA(-)",15069,"complete","Germany",2022-11-22,"Human respiratory syncytial virus B isolate hRSV/B/Germany/23-01355/2022, complete genome",2022,11,2022,47,3,"2022/2023","B"
"265","OR795284.1","Human respiratory syncytial virus B","Robert Koch Institut","Germany","hRSV/B/Germany/23-01410/2022","ssRNA(-)",15235,"complete","Germany",2022-11-22,"Human respiratory syncytial virus B isolate hRSV/B/Germany/23-01410/2022, complete genome",2022,11,2022,47,3,"2022/2023","B"
"266","OR795285.1","Human respiratory syncytial virus B","Robert Koch Institut","Germany","hRSV/B/Germany/23-01648/2022","ssRNA(-)",15065,"complete","Germany",2022-11-28,"Human respiratory syncytial virus B isolate hRSV/B/Germany/23-01648/2022, complete genome",2022,11,2022,48,2,"2022/2023","B"
"267","OR795286.1","Human respiratory syncytial virus B","Robert Koch Institut","Germany","hRSV/B/Germany/23-01649/2022","ssRNA(-)",15270,"complete","Germany",2022-11-28,"Human respiratory syncytial virus B isolate hRSV/B/Germany/23-01649/2022, complete genome",2022,11,2022,48,2,"2022/2023","B"
"268","OR795287.1","Human respiratory syncytial virus B","Robert Koch Institut","Germany","hRSV/B/Germany/23-01675/2022","ssRNA(-)",15063,"complete","Germany",2022-11-25,"Human respiratory syncytial virus B isolate hRSV/B/Germany/23-01675/2022, complete genome",2022,11,2022,47,6,"2022/2023","B"
"269","OR795288.1","Human respiratory syncytial virus B","Robert Koch Institut","Germany","hRSV/B/Germany/23-02020/2022","ssRNA(-)",15254,"complete","Germany",2022-12-01,"Human respiratory syncytial virus B isolate hRSV/B/Germany/23-02020/2022, complete genome",2022,12,2022,48,5,"2022/2023","B"
"270","OR795289.1","Human respiratory syncytial virus B","Robert Koch Institut","Germany","hRSV/B/Germany/23-02051/2022","ssRNA(-)",15260,"complete","Germany",2022-12-05,"Human respiratory syncytial virus B isolate hRSV/B/Germany/23-02051/2022, complete genome",2022,12,2022,49,2,"2022/2023","B"
"271","OR795290.1","Human respiratory syncytial virus B","Robert Koch Institut","Germany","hRSV/B/Germany/23-02179/2022","ssRNA(-)",15268,"complete","Germany",2022-12-02,"Human respiratory syncytial virus B isolate hRSV/B/Germany/23-02179/2022, complete genome",2022,12,2022,48,6,"2022/2023","B"
"272","OR795291.1","Human respiratory syncytial virus B","Robert Koch Institut","Germany","hRSV/B/Germany/23-02311/2022","ssRNA(-)",15260,"complete","Germany",2022-12-07,"Human respiratory syncytial virus B isolate hRSV/B/Germany/23-02311/2022, complete genome",2022,12,2022,49,4,"2022/2023","B"
"2","OR795349.1","Human respiratory syncytial virus A","Robert Koch Institut","Germany","hRSV/A/Germany/15-01353/2014","ssRNA(-)",15243,"complete","Germany",2014-12-27,"Human respiratory syncytial virus A isolate hRSV/A/Germany/15-01353/2014, complete genome",2014,12,2014,52,7,"2014/2015","A"
"3","OR795350.1","Human respiratory syncytial virus A","Robert Koch Institut","Germany","hRSV/A/Germany/15-01870/2015","ssRNA(-)",15262,"complete","Germany",2015-01-20,"Human respiratory syncytial virus A isolate hRSV/A/Germany/15-01870/2015, complete genome",2015,1,2015,3,3,"2014/2015","A"
"4","OR795352.1","Human respiratory syncytial virus A","Robert Koch Institut","Germany","hRSV/A/Germany/16-00842/2015","ssRNA(-)",15244,"complete","Germany",2015-12-14,"Human respiratory syncytial virus A isolate hRSV/A/Germany/16-00842/2015, complete genome",2015,12,2015,50,2,"2015/2016","A"
"5","OR795353.1","Human respiratory syncytial virus A","Robert Koch Institut","Germany","hRSV/A/Germany/16-01800/2016","ssRNA(-)",15246,"complete","Germany",2016-02-02,"Human respiratory syncytial virus A isolate hRSV/A/Germany/16-01800/2016, complete genome",2016,2,2016,5,3,"2015/2016","A"
"6","OR795354.1","Human respiratory syncytial virus A","Robert Koch Institut","Germany","hRSV/A/Germany/16-02403/2016","ssRNA(-)",15255,"complete","Germany",2016-02-25,"Human respiratory syncytial virus A isolate hRSV/A/Germany/16-02403/2016, complete genome",2016,2,2016,8,5,"2015/2016","A"
"7","OR795355.1","Human respiratory syncytial virus A","Robert Koch Institut","Germany","hRSV/A/Germany/17-00876/2016","ssRNA(-)",15174,"complete","Germany",2016-11-30,"Human respiratory syncytial virus A isolate hRSV/A/Germany/17-00876/2016, complete genome",2016,11,2016,48,4,"2016/2017","A"
"8","OR795356.1","Human respiratory syncytial virus A","Robert Koch Institut","Germany","hRSV/A/Germany/17-01161/2016","ssRNA(-)",15238,"complete","Germany",2016-12-13,"Human respiratory syncytial virus A isolate hRSV/A/Germany/17-01161/2016, complete genome",2016,12,2016,50,3,"2016/2017","A"
"9","OR795357.1","Human respiratory syncytial virus A","Robert Koch Institut","Germany","hRSV/A/Germany/17-01795/2017","ssRNA(-)",15270,"complete","Germany",2017-01-09,"Human respiratory syncytial virus A isolate hRSV/A/Germany/17-01795/2017, complete genome",2017,1,2017,2,2,"2016/2017","A"
"10","OR795358.1","Human respiratory syncytial virus A","Robert Koch Institut","Germany","hRSV/A/Germany/17-02326/2017","ssRNA(-)",15263,"complete","Germany",2017-01-23,"Human respiratory syncytial virus A isolate hRSV/A/Germany/17-02326/2017, complete genome",2017,1,2017,4,2,"2016/2017","A"
"11","OR795359.1","Human respiratory syncytial virus A","Robert Koch Institut","Germany","hRSV/A/Germany/17-03987/2017","ssRNA(-)",15262,"complete","Germany",2017-02-27,"Human respiratory syncytial virus A isolate hRSV/A/Germany/17-03987/2017, complete genome",2017,2,2017,9,2,"2016/2017","A"
"12","OR795360.1","Human respiratory syncytial virus A","Robert Koch Institut","Germany","hRSV/A/Germany/18-00577/2018","ssRNA(-)",15189,"complete","Germany",2018-04-03,"Human respiratory syncytial virus A isolate hRSV/A/Germany/18-00577/2018, complete genome",2018,4,2018,14,3,"2017/2018","A"
"13","OR795361.1","Human respiratory syncytial virus A","Robert Koch Institut","Germany","hRSV/A/Germany/18-00988/2017","ssRNA(-)",15255,"complete","Germany",2017-11-24,"Human respiratory syncytial virus A isolate hRSV/A/Germany/18-00988/2017, complete genome",2017,11,2017,47,6,"2017/2018","A"
"14","OR795362.1","Human respiratory syncytial virus A","Robert Koch Institut","Germany","hRSV/A/Germany/18-02178/2018","ssRNA(-)",15253,"complete","Germany",2018-01-22,"Human respiratory syncytial virus A isolate hRSV/A/Germany/18-02178/2018, complete genome",2018,1,2018,4,2,"2017/2018","A"
"15","OR795363.1","Human respiratory syncytial virus A","Robert Koch Institut","Germany","hRSV/A/Germany/18-03012/2018","ssRNA(-)",15237,"complete","Germany",2018-02-06,"Human respiratory syncytial virus A isolate hRSV/A/Germany/18-03012/2018, complete genome",2018,2,2018,6,3,"2017/2018","A"
"16","OR795364.1","Human respiratory syncytial virus A","Robert Koch Institut","Germany","hRSV/A/Germany/18-03723/2018","ssRNA(-)",15263,"complete","Germany",2018-02-19,"Human respiratory syncytial virus A isolate hRSV/A/Germany/18-03723/2018, complete genome",2018,2,2018,8,2,"2017/2018","A"
"17","OR795365.1","Human respiratory syncytial virus A","Robert Koch Institut","Germany","hRSV/A/Germany/18-05868/2018","ssRNA(-)",15256,"complete","Germany",2018-04-10,"Human respiratory syncytial virus A isolate hRSV/A/Germany/18-05868/2018, complete genome",2018,4,2018,15,3,"2017/2018","A"
"18","OR795366.1","Human respiratory syncytial virus A","Robert Koch Institut","Germany","hRSV/A/Germany/18-05891/2018","ssRNA(-)",15244,"complete","Germany",2018-04-09,"Human respiratory syncytial virus A isolate hRSV/A/Germany/18-05891/2018, complete genome",2018,4,2018,15,2,"2017/2018","A"
"19","OR795367.1","Human respiratory syncytial virus A","Robert Koch Institut","Germany","hRSV/A/Germany/18-06034/2018","ssRNA(-)",15263,"complete","Germany",2018-04-18,"Human respiratory syncytial virus A isolate hRSV/A/Germany/18-06034/2018, complete genome",2018,4,2018,16,4,"2017/2018","A"
"20","OR795368.1","Human respiratory syncytial virus A","Robert Koch Institut","Germany","hRSV/A/Germany/19-00912/2018","ssRNA(-)",15120,"complete","Germany",2018-12-09,"Human respiratory syncytial virus A isolate hRSV/A/Germany/19-00912/2018, complete genome",2018,12,2018,50,1,"2018/2019","A"
"21","OR795369.1","Human respiratory syncytial virus A","Robert Koch Institut","Germany","hRSV/A/Germany/19-01063/2018","ssRNA(-)",15262,"complete","Germany",2018-12-17,"Human respiratory syncytial virus A isolate hRSV/A/Germany/19-01063/2018, complete genome",2018,12,2018,51,2,"2018/2019","A"
"22","OR795370.1","Human respiratory syncytial virus A","Robert Koch Institut","Germany","hRSV/A/Germany/19-01162/2018","ssRNA(-)",15253,"complete","Germany",2018-12-31,"Human respiratory syncytial virus A isolate hRSV/A/Germany/19-01162/2018, complete genome",2018,12,2019,1,2,"2018/2019","A"
"23","OR795371.1","Human respiratory syncytial virus A","Robert Koch Institut","Germany","hRSV/A/Germany/19-01264/2019","ssRNA(-)",15077,"complete","Germany",2019-01-04,"Human respiratory syncytial virus A isolate hRSV/A/Germany/19-01264/2019, complete genome",2019,1,2019,1,6,"2018/2019","A"
"24","OR795372.1","Human respiratory syncytial virus A","Robert Koch Institut","Germany","hRSV/A/Germany/19-01267/2019","ssRNA(-)",15257,"complete","Germany",2019-01-09,"Human respiratory syncytial virus A isolate hRSV/A/Germany/19-01267/2019, complete genome",2019,1,2019,2,4,"2018/2019","A"
"25","OR795373.1","Human respiratory syncytial virus A","Robert Koch Institut","Germany","hRSV/A/Germany/19-01507/2019","ssRNA(-)",15036,"complete","Germany",2019-01-14,"Human respiratory syncytial virus A isolate hRSV/A/Germany/19-01507/2019, complete genome",2019,1,2019,3,2,"2018/2019","A"
"26","OR795374.1","Human respiratory syncytial virus A","Robert Koch Institut","Germany","hRSV/A/Germany/19-01631/2019","ssRNA(-)",15246,"complete","Germany",2019-01-22,"Human respiratory syncytial virus A isolate hRSV/A/Germany/19-01631/2019, complete genome",2019,1,2019,4,3,"2018/2019","A"
"27","OR795375.1","Human respiratory syncytial virus A","Robert Koch Institut","Germany","hRSV/A/Germany/19-02168/2019","ssRNA(-)",15260,"complete","Germany",2019-02-02,"Human respiratory syncytial virus A isolate hRSV/A/Germany/19-02168/2019, complete genome",2019,2,2019,5,7,"2018/2019","A"
"28","OR795376.1","Human respiratory syncytial virus A","Robert Koch Institut","Germany","hRSV/A/Germany/19-02171/2019","ssRNA(-)",15256,"complete","Germany",2019-02-04,"Human respiratory syncytial virus A isolate hRSV/A/Germany/19-02171/2019, complete genome",2019,2,2019,6,2,"2018/2019","A"
"29","OR795377.1","Human respiratory syncytial virus A","Robert Koch Institut","Germany","hRSV/A/Germany/19-02346/2019","ssRNA(-)",15262,"complete","Germany",2019-02-09,"Human respiratory syncytial virus A isolate hRSV/A/Germany/19-02346/2019, complete genome",2019,2,2019,6,7,"2018/2019","A"
"30","OR795378.1","Human respiratory syncytial virus A","Robert Koch Institut","Germany","hRSV/A/Germany/19-02487/2019","ssRNA(-)",15249,"complete","Germany",2019-02-13,"Human respiratory syncytial virus A isolate hRSV/A/Germany/19-02487/2019, complete genome",2019,2,2019,7,4,"2018/2019","A"
"31","OR795379.1","Human respiratory syncytial virus A","Robert Koch Institut","Germany","hRSV/A/Germany/19-02630/2019","ssRNA(-)",15232,"complete","Germany",2019-02-14,"Human respiratory syncytial virus A isolate hRSV/A/Germany/19-02630/2019, complete genome",2019,2,2019,7,5,"2018/2019","A"
"32","OR795380.1","Human respiratory syncytial virus A","Robert Koch Institut","Germany","hRSV/A/Germany/19-02632/2019","ssRNA(-)",15250,"complete","Germany",2019-02-14,"Human respiratory syncytial virus A isolate hRSV/A/Germany/19-02632/2019, complete genome",2019,2,2019,7,5,"2018/2019","A"
"33","OR795381.1","Human respiratory syncytial virus A","Robert Koch Institut","Germany","hRSV/A/Germany/19-02698/2019","ssRNA(-)",15259,"complete","Germany",2019-02-17,"Human respiratory syncytial virus A isolate hRSV/A/Germany/19-02698/2019, complete genome",2019,2,2019,8,1,"2018/2019","A"
"34","OR795382.1","Human respiratory syncytial virus A","Robert Koch Institut","Germany","hRSV/A/Germany/19-02773/2019","ssRNA(-)",15252,"complete","Germany",2019-02-20,"Human respiratory syncytial virus A isolate hRSV/A/Germany/19-02773/2019, complete genome",2019,2,2019,8,4,"2018/2019","A"
"35","OR795383.1","Human respiratory syncytial virus A","Robert Koch Institut","Germany","hRSV/A/Germany/19-02912/2019","ssRNA(-)",15247,"complete","Germany",2019-02-24,"Human respiratory syncytial virus A isolate hRSV/A/Germany/19-02912/2019, complete genome",2019,2,2019,9,1,"2018/2019","A"
"36","OR795384.1","Human respiratory syncytial virus A","Robert Koch Institut","Germany","hRSV/A/Germany/20-00993/2019","ssRNA(-)",15252,"complete","Germany",2019-12-16,"Human respiratory syncytial virus A isolate hRSV/A/Germany/20-00993/2019, complete genome",2019,12,2019,51,2,"2019/2020","A"
"37","OR795385.1","Human respiratory syncytial virus A","Robert Koch Institut","Germany","hRSV/A/Germany/20-01713/2020","ssRNA(-)",15249,"complete","Germany",2020-01-26,"Human respiratory syncytial virus A isolate hRSV/A/Germany/20-01713/2020, complete genome",2020,1,2020,5,1,"2019/2020","A"
"38","OR795386.1","Human respiratory syncytial virus A","Robert Koch Institut","Germany","hRSV/A/Germany/20-01833/2020","ssRNA(-)",15069,"complete","Germany",2020-01-28,"Human respiratory syncytial virus A isolate hRSV/A/Germany/20-01833/2020, complete genome",2020,1,2020,5,3,"2019/2020","A"
"39","OR795387.1","Human respiratory syncytial virus A","Robert Koch Institut","Germany","hRSV/A/Germany/20-01906/2020","ssRNA(-)",14965,"complete","Germany",2020-01-31,"Human respiratory syncytial virus A isolate hRSV/A/Germany/20-01906/2020, complete genome",2020,1,2020,5,6,"2019/2020","A"
"40","OR795388.1","Human respiratory syncytial virus A","Robert Koch Institut","Germany","hRSV/A/Germany/20-01942/2020","ssRNA(-)",15235,"complete","Germany",2020-02-03,"Human respiratory syncytial virus A isolate hRSV/A/Germany/20-01942/2020, complete genome",2020,2,2020,6,2,"2019/2020","A"
"41","OR795389.1","Human respiratory syncytial virus A","Robert Koch Institut","Germany","hRSV/A/Germany/20-02002/2020","ssRNA(-)",15144,"complete","Germany",2020-02-03,"Human respiratory syncytial virus A isolate hRSV/A/Germany/20-02002/2020, complete genome",2020,2,2020,6,2,"2019/2020","A"
"42","OR795390.1","Human respiratory syncytial virus A","Robert Koch Institut","Germany","hRSV/A/Germany/20-02231/2020","ssRNA(-)",15072,"complete","Germany",2020-02-24,"Human respiratory syncytial virus A isolate hRSV/A/Germany/20-02231/2020, complete genome",2020,2,2020,9,2,"2019/2020","A"
"43","OR795391.1","Human respiratory syncytial virus A","Robert Koch Institut","Germany","hRSV/A/Germany/20-02311/2020","ssRNA(-)",15152,"complete","Germany",2020-02-10,"Human respiratory syncytial virus A isolate hRSV/A/Germany/20-02311/2020, complete genome",2020,2,2020,7,2,"2019/2020","A"
"44","OR795392.1","Human respiratory syncytial virus A","Robert Koch Institut","Germany","hRSV/A/Germany/20-02443/2020","ssRNA(-)",15152,"complete","Germany",2020-02-17,"Human respiratory syncytial virus A isolate hRSV/A/Germany/20-02443/2020, complete genome",2020,2,2020,8,2,"2019/2020","A"
"45","OR795393.1","Human respiratory syncytial virus A","Robert Koch Institut","Germany","hRSV/A/Germany/20-02446/2020","ssRNA(-)",15126,"complete","Germany",2020-02-17,"Human respiratory syncytial virus A isolate hRSV/A/Germany/20-02446/2020, complete genome",2020,2,2020,8,2,"2019/2020","A"
"46","OR795394.1","Human respiratory syncytial virus A","Robert Koch Institut","Germany","hRSV/A/Germany/20-02470/2020","ssRNA(-)",15234,"complete","Germany",2020-02-16,"Human respiratory syncytial virus A isolate hRSV/A/Germany/20-02470/2020, complete genome",2020,2,2020,8,1,"2019/2020","A"
"47","OR795395.1","Human respiratory syncytial virus A","Robert Koch Institut","Germany","hRSV/A/Germany/20-02591/2020","ssRNA(-)",15242,"complete","Germany",2020-02-21,"Human respiratory syncytial virus A isolate hRSV/A/Germany/20-02591/2020, complete genome",2020,2,2020,8,6,"2019/2020","A"
"48","OR795396.1","Human respiratory syncytial virus A","Robert Koch Institut","Germany","hRSV/A/Germany/20-02604/2020","ssRNA(-)",15237,"complete","Germany",2020-02-20,"Human respiratory syncytial virus A isolate hRSV/A/Germany/20-02604/2020, complete genome",2020,2,2020,8,5,"2019/2020","A"
"49","OR795397.1","Human respiratory syncytial virus A","Robert Koch Institut","Germany","hRSV/A/Germany/20-02637/2020","ssRNA(-)",15181,"complete","Germany",2020-02-21,"Human respiratory syncytial virus A isolate hRSV/A/Germany/20-02637/2020, complete genome",2020,2,2020,8,6,"2019/2020","A"
"50","OR795398.1","Human respiratory syncytial virus A","Robert Koch Institut","Germany","hRSV/A/Germany/20-02660/2020","ssRNA(-)",15248,"complete","Germany",2020-02-22,"Human respiratory syncytial virus A isolate hRSV/A/Germany/20-02660/2020, complete genome",2020,2,2020,8,7,"2019/2020","A"
"51","OR795399.1","Human respiratory syncytial virus A","Robert Koch Institut","Germany","hRSV/A/Germany/20-02684/2020","ssRNA(-)",15240,"complete","Germany",2020-02-21,"Human respiratory syncytial virus A isolate hRSV/A/Germany/20-02684/2020, complete genome",2020,2,2020,8,6,"2019/2020","A"
"52","OR795400.1","Human respiratory syncytial virus A","Robert Koch Institut","Germany","hRSV/A/Germany/20-02689/2020","ssRNA(-)",15252,"complete","Germany",2020-02-21,"Human respiratory syncytial virus A isolate hRSV/A/Germany/20-02689/2020, complete genome",2020,2,2020,8,6,"2019/2020","A"
"53","OR795401.1","Human respiratory syncytial virus A","Robert Koch Institut","Germany","hRSV/A/Germany/20-02702/2020","ssRNA(-)",15246,"complete","Germany",2020-02-24,"Human respiratory syncytial virus A isolate hRSV/A/Germany/20-02702/2020, complete genome",2020,2,2020,9,2,"2019/2020","A"
"54","OR795402.1","Human respiratory syncytial virus A","Robert Koch Institut","Germany","hRSV/A/Germany/20-02704/2020","ssRNA(-)",15229,"complete","Germany",2020-02-24,"Human respiratory syncytial virus A isolate hRSV/A/Germany/20-02704/2020, complete genome",2020,2,2020,9,2,"2019/2020","A"
"55","OR795403.1","Human respiratory syncytial virus A","Robert Koch Institut","Germany","hRSV/A/Germany/20-02746/2020","ssRNA(-)",15239,"complete","Germany",2020-02-25,"Human respiratory syncytial virus A isolate hRSV/A/Germany/20-02746/2020, complete genome",2020,2,2020,9,3,"2019/2020","A"
"56","OR795404.1","Human respiratory syncytial virus A","Robert Koch Institut","Germany","hRSV/A/Germany/20-02765/2020","ssRNA(-)",15261,"complete","Germany",2020-02-25,"Human respiratory syncytial virus A isolate hRSV/A/Germany/20-02765/2020, complete genome",2020,2,2020,9,3,"2019/2020","A"
"57","OR795405.1","Human respiratory syncytial virus A","Robert Koch Institut","Germany","hRSV/A/Germany/20-02910/2020","ssRNA(-)",15234,"complete","Germany",2020-03-02,"Human respiratory syncytial virus A isolate hRSV/A/Germany/20-02910/2020, complete genome",2020,3,2020,10,2,"2019/2020","A"
"58","OR795406.1","Human respiratory syncytial virus A","Robert Koch Institut","Germany","hRSV/A/Germany/20-02934/2020","ssRNA(-)",15241,"complete","Germany",2020-02-29,"Human respiratory syncytial virus A isolate hRSV/A/Germany/20-02934/2020, complete genome",2020,2,2020,9,7,"2019/2020","A"
"59","OR795407.1","Human respiratory syncytial virus A","Robert Koch Institut","Germany","hRSV/A/Germany/20-03302/2020","ssRNA(-)",15205,"complete","Germany",2020-03-09,"Human respiratory syncytial virus A isolate hRSV/A/Germany/20-03302/2020, complete genome",2020,3,2020,11,2,"2019/2020","A"
"60","OR795408.1","Human respiratory syncytial virus A","Robert Koch Institut","Germany","hRSV/A/Germany/20-03353/2020","ssRNA(-)",15138,"complete","Germany",2020-03-02,"Human respiratory syncytial virus A isolate hRSV/A/Germany/20-03353/2020, complete genome",2020,3,2020,10,2,"2019/2020","A"
"61","OR795409.1","Human respiratory syncytial virus A","Robert Koch Institut","Germany","hRSV/A/Germany/20-03521/2020","ssRNA(-)",15251,"complete","Germany",2020-03-16,"Human respiratory syncytial virus A isolate hRSV/A/Germany/20-03521/2020, complete genome",2020,3,2020,12,2,"2019/2020","A"
"62","OR795410.1","Human respiratory syncytial virus A","Robert Koch Institut","Germany","hRSV/A/Germany/20-03531/2020","ssRNA(-)",15073,"complete","Germany",2020-03-16,"Human respiratory syncytial virus A isolate hRSV/A/Germany/20-03531/2020, complete genome",2020,3,2020,12,2,"2019/2020","A"
"63","OR795412.1","Human respiratory syncytial virus A","Robert Koch Institut","Germany","hRSV/A/Germany/20-03565/2020","ssRNA(-)",15089,"complete","Germany",2020-03-17,"Human respiratory syncytial virus A isolate hRSV/A/Germany/20-03565/2020, complete genome",2020,3,2020,12,3,"2019/2020","A"
"64","OR795413.1","Human respiratory syncytial virus A","Robert Koch Institut","Germany","hRSV/A/Germany/21-06264/2021","ssRNA(-)",15236,"complete","Germany",2021-08-09,"Human respiratory syncytial virus A isolate hRSV/A/Germany/21-06264/2021, complete genome",2021,8,2021,32,2,"2020/2021","A"
"65","OR795414.1","Human respiratory syncytial virus A","Robert Koch Institut","Germany","hRSV/A/Germany/21-06292/2021","ssRNA(-)",15254,"complete","Germany",2021-08-17,"Human respiratory syncytial virus A isolate hRSV/A/Germany/21-06292/2021, complete genome",2021,8,2021,33,3,"2020/2021","A"
"66","OR795415.1","Human respiratory syncytial virus A","Robert Koch Institut","Germany","hRSV/A/Germany/21-06625/2021","ssRNA(-)",15247,"complete","Germany",2021-09-06,"Human respiratory syncytial virus A isolate hRSV/A/Germany/21-06625/2021, complete genome",2021,9,2021,36,2,"2020/2021","A"
"67","OR795416.1","Human respiratory syncytial virus A","Robert Koch Institut","Germany","hRSV/A/Germany/21-06819/2021","ssRNA(-)",15260,"complete","Germany",2021-09-09,"Human respiratory syncytial virus A isolate hRSV/A/Germany/21-06819/2021, complete genome",2021,9,2021,36,5,"2020/2021","A"
"68","OR795417.1","Human respiratory syncytial virus A","Robert Koch Institut","Germany","hRSV/A/Germany/21-07026/2021","ssRNA(-)",15250,"complete","Germany",2021-09-20,"Human respiratory syncytial virus A isolate hRSV/A/Germany/21-07026/2021, complete genome",2021,9,2021,38,2,"2020/2021","A"
"69","OR795418.1","Human respiratory syncytial virus A","Robert Koch Institut","Germany","hRSV/A/Germany/21-07063/2021","ssRNA(-)",15272,"complete","Germany",2021-09-10,"Human respiratory syncytial virus A isolate hRSV/A/Germany/21-07063/2021, complete genome",2021,9,2021,36,6,"2020/2021","A"
"70","OR795419.1","Human respiratory syncytial virus A","Robert Koch Institut","Germany","hRSV/A/Germany/21-07100/2021","ssRNA(-)",15255,"complete","Germany",2021-09-21,"Human respiratory syncytial virus A isolate hRSV/A/Germany/21-07100/2021, complete genome",2021,9,2021,38,3,"2020/2021","A"
"71","OR795420.1","Human respiratory syncytial virus A","Robert Koch Institut","Germany","hRSV/A/Germany/21-07170/2021","ssRNA(-)",15260,"complete","Germany",2021-09-23,"Human respiratory syncytial virus A isolate hRSV/A/Germany/21-07170/2021, complete genome",2021,9,2021,38,5,"2020/2021","A"
"72","OR795421.1","Human respiratory syncytial virus A","Robert Koch Institut","Germany","hRSV/A/Germany/21-07326/2021","ssRNA(-)",15229,"complete","Germany",2021-09-28,"Human respiratory syncytial virus A isolate hRSV/A/Germany/21-07326/2021, complete genome",2021,9,2021,39,3,"2020/2021","A"
"73","OR795422.1","Human respiratory syncytial virus A","Robert Koch Institut","Germany","hRSV/A/Germany/21-07357/2021","ssRNA(-)",15158,"complete","Germany",2021-09-25,"Human respiratory syncytial virus A isolate hRSV/A/Germany/21-07357/2021, complete genome",2021,9,2021,38,7,"2020/2021","A"
"74","OR795423.1","Human respiratory syncytial virus A","Robert Koch Institut","Germany","hRSV/A/Germany/22-00203/2021","ssRNA(-)",15237,"complete","Germany",2021-10-05,"Human respiratory syncytial virus A isolate hRSV/A/Germany/22-00203/2021, complete genome",2021,10,2021,40,3,"2021/2022","A"
"75","OR795424.1","Human respiratory syncytial virus A","Robert Koch Institut","Germany","hRSV/A/Germany/22-00271/2021","ssRNA(-)",15257,"complete","Germany",2021-10-07,"Human respiratory syncytial virus A isolate hRSV/A/Germany/22-00271/2021, complete genome",2021,10,2021,40,5,"2021/2022","A"
"76","OR795425.1","Human respiratory syncytial virus A","Robert Koch Institut","Germany","hRSV/A/Germany/22-00290/2021","ssRNA(-)",15245,"complete","Germany",2021-10-11,"Human respiratory syncytial virus A isolate hRSV/A/Germany/22-00290/2021, complete genome",2021,10,2021,41,2,"2021/2022","A"
"77","OR795426.1","Human respiratory syncytial virus A","Robert Koch Institut","Germany","hRSV/A/Germany/22-00345/2021","ssRNA(-)",15252,"complete","Germany",2021-10-12,"Human respiratory syncytial virus A isolate hRSV/A/Germany/22-00345/2021, complete genome",2021,10,2021,41,3,"2021/2022","A"
"78","OR795427.1","Human respiratory syncytial virus A","Robert Koch Institut","Germany","hRSV/A/Germany/22-00373/2021","ssRNA(-)",15209,"complete","Germany",2021-10-11,"Human respiratory syncytial virus A isolate hRSV/A/Germany/22-00373/2021, complete genome",2021,10,2021,41,2,"2021/2022","A"
"79","OR795428.1","Human respiratory syncytial virus A","Robert Koch Institut","Germany","hRSV/A/Germany/22-00458/2021","ssRNA(-)",15272,"complete","Germany",2021-10-13,"Human respiratory syncytial virus A isolate hRSV/A/Germany/22-00458/2021, complete genome",2021,10,2021,41,4,"2021/2022","A"
"80","OR795429.1","Human respiratory syncytial virus A","Robert Koch Institut","Germany","hRSV/A/Germany/22-00553/2021","ssRNA(-)",15271,"complete","Germany",2021-10-15,"Human respiratory syncytial virus A isolate hRSV/A/Germany/22-00553/2021, complete genome",2021,10,2021,41,6,"2021/2022","A"
"81","OR795430.1","Human respiratory syncytial virus A","Robert Koch Institut","Germany","hRSV/A/Germany/22-00668/2021","ssRNA(-)",15251,"complete","Germany",2021-10-20,"Human respiratory syncytial virus A isolate hRSV/A/Germany/22-00668/2021, complete genome",2021,10,2021,42,4,"2021/2022","A"
"82","OR795431.1","Human respiratory syncytial virus A","Robert Koch Institut","Germany","hRSV/A/Germany/22-00723/2021","ssRNA(-)",15272,"complete","Germany",2021-10-21,"Human respiratory syncytial virus A isolate hRSV/A/Germany/22-00723/2021, complete genome",2021,10,2021,42,5,"2021/2022","A"
"83","OR795432.1","Human respiratory syncytial virus A","Robert Koch Institut","Germany","hRSV/A/Germany/22-00724/2021","ssRNA(-)",15251,"complete","Germany",2021-10-19,"Human respiratory syncytial virus A isolate hRSV/A/Germany/22-00724/2021, complete genome",2021,10,2021,42,3,"2021/2022","A"
"84","OR795433.1","Human respiratory syncytial virus A","Robert Koch Institut","Germany","hRSV/A/Germany/22-00726/2021","ssRNA(-)",15215,"complete","Germany",2021-10-21,"Human respiratory syncytial virus A isolate hRSV/A/Germany/22-00726/2021, complete genome",2021,10,2021,42,5,"2021/2022","A"
"85","OR795434.1","Human respiratory syncytial virus A","Robert Koch Institut","Germany","hRSV/A/Germany/22-00730/2021","ssRNA(-)",15251,"complete","Germany",2021-10-24,"Human respiratory syncytial virus A isolate hRSV/A/Germany/22-00730/2021, complete genome",2021,10,2021,43,1,"2021/2022","A"
"86","OR795435.1","Human respiratory syncytial virus A","Robert Koch Institut","Germany","hRSV/A/Germany/22-00757/2021","ssRNA(-)",15246,"complete","Germany",2021-10-25,"Human respiratory syncytial virus A isolate hRSV/A/Germany/22-00757/2021, complete genome",2021,10,2021,43,2,"2021/2022","A"
"87","OR795436.1","Human respiratory syncytial virus A","Robert Koch Institut","Germany","hRSV/A/Germany/22-00758/2021","ssRNA(-)",15245,"complete","Germany",2021-10-25,"Human respiratory syncytial virus A isolate hRSV/A/Germany/22-00758/2021, complete genome",2021,10,2021,43,2,"2021/2022","A"
"88","OR795437.1","Human respiratory syncytial virus A","Robert Koch Institut","Germany","hRSV/A/Germany/22-00766/2021","ssRNA(-)",15235,"complete","Germany",2021-10-20,"Human respiratory syncytial virus A isolate hRSV/A/Germany/22-00766/2021, complete genome",2021,10,2021,42,4,"2021/2022","A"
"89","OR795438.1","Human respiratory syncytial virus A","Robert Koch Institut","Germany","hRSV/A/Germany/22-00774/2021","ssRNA(-)",15241,"complete","Germany",2021-10-22,"Human respiratory syncytial virus A isolate hRSV/A/Germany/22-00774/2021, complete genome",2021,10,2021,42,6,"2021/2022","A"
"90","OR795439.1","Human respiratory syncytial virus A","Robert Koch Institut","Germany","hRSV/A/Germany/22-00857/2021","ssRNA(-)",15242,"complete","Germany",2021-10-26,"Human respiratory syncytial virus A isolate hRSV/A/Germany/22-00857/2021, complete genome",2021,10,2021,43,3,"2021/2022","A"
"91","OR795440.1","Human respiratory syncytial virus A","Robert Koch Institut","Germany","hRSV/A/Germany/22-00939/2021","ssRNA(-)",15237,"complete","Germany",2021-10-26,"Human respiratory syncytial virus A isolate hRSV/A/Germany/22-00939/2021, complete genome",2021,10,2021,43,3,"2021/2022","A"
"92","OR795441.1","Human respiratory syncytial virus A","Robert Koch Institut","Germany","hRSV/A/Germany/22-00946/2021","ssRNA(-)",15241,"complete","Germany",2021-10-26,"Human respiratory syncytial virus A isolate hRSV/A/Germany/22-00946/2021, complete genome",2021,10,2021,43,3,"2021/2022","A"
"93","OR795442.1","Human respiratory syncytial virus A","Robert Koch Institut","Germany","hRSV/A/Germany/22-00983/2021","ssRNA(-)",15260,"complete","Germany",2021-10-27,"Human respiratory syncytial virus A isolate hRSV/A/Germany/22-00983/2021, complete genome",2021,10,2021,43,4,"2021/2022","A"
"94","OR795443.1","Human respiratory syncytial virus A","Robert Koch Institut","Germany","hRSV/A/Germany/22-01153/2021","ssRNA(-)",15250,"complete","Germany",2021-10-28,"Human respiratory syncytial virus A isolate hRSV/A/Germany/22-01153/2021, complete genome",2021,10,2021,43,5,"2021/2022","A"
"95","OR795444.1","Human respiratory syncytial virus A","Robert Koch Institut","Germany","hRSV/A/Germany/22-01154/2021","ssRNA(-)",15274,"complete","Germany",2021-10-28,"Human respiratory syncytial virus A isolate hRSV/A/Germany/22-01154/2021, complete genome",2021,10,2021,43,5,"2021/2022","A"
"96","OR795445.1","Human respiratory syncytial virus A","Robert Koch Institut","Germany","hRSV/A/Germany/22-01193/2021","ssRNA(-)",15231,"complete","Germany",2021-11-04,"Human respiratory syncytial virus A isolate hRSV/A/Germany/22-01193/2021, complete genome",2021,11,2021,44,5,"2021/2022","A"
"97","OR795446.1","Human respiratory syncytial virus A","Robert Koch Institut","Germany","hRSV/A/Germany/22-01286/2021","ssRNA(-)",15228,"complete","Germany",2021-10-19,"Human respiratory syncytial virus A isolate hRSV/A/Germany/22-01286/2021, complete genome",2021,10,2021,42,3,"2021/2022","A"
"98","OR795447.1","Human respiratory syncytial virus A","Robert Koch Institut","Germany","hRSV/A/Germany/22-01300/2021","ssRNA(-)",15237,"complete","Germany",2021-11-09,"Human respiratory syncytial virus A isolate hRSV/A/Germany/22-01300/2021, complete genome",2021,11,2021,45,3,"2021/2022","A"
"99","OR795448.1","Human respiratory syncytial virus A","Robert Koch Institut","Germany","hRSV/A/Germany/22-01307/2021","ssRNA(-)",15235,"complete","Germany",2021-11-08,"Human respiratory syncytial virus A isolate hRSV/A/Germany/22-01307/2021, complete genome",2021,11,2021,45,2,"2021/2022","A"
"100","OR795449.1","Human respiratory syncytial virus A","Robert Koch Institut","Germany","hRSV/A/Germany/22-01311/2021","ssRNA(-)",15235,"complete","Germany",2021-11-09,"Human respiratory syncytial virus A isolate hRSV/A/Germany/22-01311/2021, complete genome",2021,11,2021,45,3,"2021/2022","A"
"101","OR795450.1","Human respiratory syncytial virus A","Robert Koch Institut","Germany","hRSV/A/Germany/22-01320/2021","ssRNA(-)",15268,"complete","Germany",2021-11-04,"Human respiratory syncytial virus A isolate hRSV/A/Germany/22-01320/2021, complete genome",2021,11,2021,44,5,"2021/2022","A"
"102","OR795451.1","Human respiratory syncytial virus A","Robert Koch Institut","Germany","hRSV/A/Germany/22-01323/2021","ssRNA(-)",15053,"complete","Germany",2021-11-05,"Human respiratory syncytial virus A isolate hRSV/A/Germany/22-01323/2021, complete genome",2021,11,2021,44,6,"2021/2022","A"
"103","OR795452.1","Human respiratory syncytial virus A","Robert Koch Institut","Germany","hRSV/A/Germany/22-01361/2021","ssRNA(-)",15265,"complete","Germany",2021-11-07,"Human respiratory syncytial virus A isolate hRSV/A/Germany/22-01361/2021, complete genome",2021,11,2021,45,1,"2021/2022","A"
"104","OR795453.1","Human respiratory syncytial virus A","Robert Koch Institut","Germany","hRSV/A/Germany/22-01517/2021","ssRNA(-)",15259,"complete","Germany",2021-11-11,"Human respiratory syncytial virus A isolate hRSV/A/Germany/22-01517/2021, complete genome",2021,11,2021,45,5,"2021/2022","A"
"105","OR795454.1","Human respiratory syncytial virus A","Robert Koch Institut","Germany","hRSV/A/Germany/22-01687/2021","ssRNA(-)",15259,"complete","Germany",2021-11-17,"Human respiratory syncytial virus A isolate hRSV/A/Germany/22-01687/2021, complete genome",2021,11,2021,46,4,"2021/2022","A"
"106","OR795455.1","Human respiratory syncytial virus A","Robert Koch Institut","Germany","hRSV/A/Germany/22-01741/2021","ssRNA(-)",15231,"complete","Germany",2021-11-19,"Human respiratory syncytial virus A isolate hRSV/A/Germany/22-01741/2021, complete genome",2021,11,2021,46,6,"2021/2022","A"
"107","OR795456.1","Human respiratory syncytial virus A","Robert Koch Institut","Germany","hRSV/A/Germany/22-01933/2021","ssRNA(-)",15235,"complete","Germany",2021-11-25,"Human respiratory syncytial virus A isolate hRSV/A/Germany/22-01933/2021, complete genome",2021,11,2021,47,5,"2021/2022","A"
"108","OR795457.1","Human respiratory syncytial virus A","Robert Koch Institut","Germany","hRSV/A/Germany/22-01974/2021","ssRNA(-)",15129,"complete","Germany",2021-11-22,"Human respiratory syncytial virus A isolate hRSV/A/Germany/22-01974/2021, complete genome",2021,11,2021,47,2,"2021/2022","A"
"109","OR795458.1","Human respiratory syncytial virus A","Robert Koch Institut","Germany","hRSV/A/Germany/22-01987/2021","ssRNA(-)",15256,"complete","Germany",2021-11-24,"Human respiratory syncytial virus A isolate hRSV/A/Germany/22-01987/2021, complete genome",2021,11,2021,47,4,"2021/2022","A"
"110","OR795459.1","Human respiratory syncytial virus A","Robert Koch Institut","Germany","hRSV/A/Germany/22-02018/2021","ssRNA(-)",15243,"complete","Germany",2021-11-26,"Human respiratory syncytial virus A isolate hRSV/A/Germany/22-02018/2021, complete genome",2021,11,2021,47,6,"2021/2022","A"
"111","OR795460.1","Human respiratory syncytial virus A","Robert Koch Institut","Germany","hRSV/A/Germany/22-02019/2021","ssRNA(-)",15019,"complete","Germany",2021-11-25,"Human respiratory syncytial virus A isolate hRSV/A/Germany/22-02019/2021, complete genome",2021,11,2021,47,5,"2021/2022","A"
"112","OR795461.1","Human respiratory syncytial virus A","Robert Koch Institut","Germany","hRSV/A/Germany/22-02025/2021","ssRNA(-)",15229,"complete","Germany",2021-11-25,"Human respiratory syncytial virus A isolate hRSV/A/Germany/22-02025/2021, complete genome",2021,11,2021,47,5,"2021/2022","A"
"113","OR795462.1","Human respiratory syncytial virus A","Robert Koch Institut","Germany","hRSV/A/Germany/22-02048/2021","ssRNA(-)",15228,"complete","Germany",2021-11-26,"Human respiratory syncytial virus A isolate hRSV/A/Germany/22-02048/2021, complete genome",2021,11,2021,47,6,"2021/2022","A"
"114","OR795463.1","Human respiratory syncytial virus A","Robert Koch Institut","Germany","hRSV/A/Germany/22-02061/2021","ssRNA(-)",15228,"complete","Germany",2021-11-25,"Human respiratory syncytial virus A isolate hRSV/A/Germany/22-02061/2021, complete genome",2021,11,2021,47,5,"2021/2022","A"
"115","OR795464.1","Human respiratory syncytial virus A","Robert Koch Institut","Germany","hRSV/A/Germany/22-02062/2021","ssRNA(-)",15228,"complete","Germany",2021-11-25,"Human respiratory syncytial virus A isolate hRSV/A/Germany/22-02062/2021, complete genome",2021,11,2021,47,5,"2021/2022","A"
"116","OR795465.1","Human respiratory syncytial virus A","Robert Koch Institut","Germany","hRSV/A/Germany/22-02320/2021","ssRNA(-)",15240,"complete","Germany",2021-12-07,"Human respiratory syncytial virus A isolate hRSV/A/Germany/22-02320/2021, complete genome",2021,12,2021,49,3,"2021/2022","A"
"117","OR795466.1","Human respiratory syncytial virus A","Robert Koch Institut","Germany","hRSV/A/Germany/22-02323/2021","ssRNA(-)",15093,"complete","Germany",2021-12-07,"Human respiratory syncytial virus A isolate hRSV/A/Germany/22-02323/2021, complete genome",2021,12,2021,49,3,"2021/2022","A"
"118","OR795467.1","Human respiratory syncytial virus A","Robert Koch Institut","Germany","hRSV/A/Germany/22-02371/2021","ssRNA(-)",15247,"complete","Germany",2021-12-08,"Human respiratory syncytial virus A isolate hRSV/A/Germany/22-02371/2021, complete genome",2021,12,2021,49,4,"2021/2022","A"
"119","OR795468.1","Human respiratory syncytial virus A","Robert Koch Institut","Germany","hRSV/A/Germany/22-02451/2021","ssRNA(-)",15233,"complete","Germany",2021-12-13,"Human respiratory syncytial virus A isolate hRSV/A/Germany/22-02451/2021, complete genome",2021,12,2021,50,2,"2021/2022","A"
"120","OR795469.1","Human respiratory syncytial virus A","Robert Koch Institut","Germany","hRSV/A/Germany/22-02516/2021","ssRNA(-)",15272,"complete","Germany",2021-12-14,"Human respiratory syncytial virus A isolate hRSV/A/Germany/22-02516/2021, complete genome",2021,12,2021,50,3,"2021/2022","A"
"121","OR795470.1","Human respiratory syncytial virus A","Robert Koch Institut","Germany","hRSV/A/Germany/22-02775/2021","ssRNA(-)",15227,"complete","Germany",2021-12-24,"Human respiratory syncytial virus A isolate hRSV/A/Germany/22-02775/2021, complete genome",2021,12,2021,51,6,"2021/2022","A"
"122","OR795471.1","Human respiratory syncytial virus A","Robert Koch Institut","Germany","hRSV/A/Germany/22-03065/2022","ssRNA(-)",15235,"complete","Germany",2022-01-10,"Human respiratory syncytial virus A isolate hRSV/A/Germany/22-03065/2022, complete genome",2022,1,2022,2,2,"2021/2022","A"
"123","OR795472.1","Human respiratory syncytial virus A","Robert Koch Institut","Germany","hRSV/A/Germany/23-00282/2022","ssRNA(-)",15255,"complete","Germany",2022-10-14,"Human respiratory syncytial virus A isolate hRSV/A/Germany/23-00282/2022, complete genome",2022,10,2022,41,6,"2022/2023","A"
"124","OR795473.1","Human respiratory syncytial virus A","Robert Koch Institut","Germany","hRSV/A/Germany/23-00435/2022","ssRNA(-)",15094,"complete","Germany",2022-10-20,"Human respiratory syncytial virus A isolate hRSV/A/Germany/23-00435/2022, complete genome",2022,10,2022,42,5,"2022/2023","A"
"125","OR795474.1","Human respiratory syncytial virus A","Robert Koch Institut","Germany","hRSV/A/Germany/23-00712/2022","ssRNA(-)",15238,"complete","Germany",2022-11-03,"Human respiratory syncytial virus A isolate hRSV/A/Germany/23-00712/2022, complete genome",2022,11,2022,44,5,"2022/2023","A"
"126","OR795475.1","Human respiratory syncytial virus A","Robert Koch Institut","Germany","hRSV/A/Germany/23-00760/2022","ssRNA(-)",15246,"complete","Germany",2022-11-07,"Human respiratory syncytial virus A isolate hRSV/A/Germany/23-00760/2022, complete genome",2022,11,2022,45,2,"2022/2023","A"
"127","OR795476.1","Human respiratory syncytial virus A","Robert Koch Institut","Germany","hRSV/A/Germany/23-00870/2022","ssRNA(-)",15092,"complete","Germany",2022-11-07,"Human respiratory syncytial virus A isolate hRSV/A/Germany/23-00870/2022, complete genome",2022,11,2022,45,2,"2022/2023","A"
"128","OR795477.1","Human respiratory syncytial virus A","Robert Koch Institut","Germany","hRSV/A/Germany/23-01059/2022","ssRNA(-)",15239,"complete","Germany",2022-11-15,"Human respiratory syncytial virus A isolate hRSV/A/Germany/23-01059/2022, complete genome",2022,11,2022,46,3,"2022/2023","A"
"129","OR795478.1","Human respiratory syncytial virus A","Robert Koch Institut","Germany","hRSV/A/Germany/23-01354/2022","ssRNA(-)",15108,"complete","Germany",2022-11-22,"Human respiratory syncytial virus A isolate hRSV/A/Germany/23-01354/2022, complete genome",2022,11,2022,47,3,"2022/2023","A"
"130","OR795479.1","Human respiratory syncytial virus A","Robert Koch Institut","Germany","hRSV/A/Germany/23-01795/2022","ssRNA(-)",15237,"complete","Germany",2022-11-28,"Human respiratory syncytial virus A isolate hRSV/A/Germany/23-01795/2022, complete genome",2022,11,2022,48,2,"2022/2023","A"
"131","OR795480.1","Human respiratory syncytial virus A","Robert Koch Institut","Germany","hRSV/A/Germany/23-02209/2022","ssRNA(-)",15026,"complete","Germany",2022-12-07,"Human respiratory syncytial virus A isolate hRSV/A/Germany/23-02209/2022, complete genome",2022,12,2022,49,4,"2022/2023","A"
"132","OR795481.1","Human respiratory syncytial virus A","Robert Koch Institut","Germany","hRSV/A/Germany/23-02238/2022","ssRNA(-)",15238,"complete","Germany",2022-12-05,"Human respiratory syncytial virus A isolate hRSV/A/Germany/23-02238/2022, complete genome",2022,12,2022,49,2,"2022/2023","A"
"133","PP376272.1","Human respiratory syncytial virus A","UMC Utrecht, Paediatric Infectious Diseases","Netherlands","490103023","ssRNA(-)",15228,"complete","Germany",2020-03-10,"Human respiratory syncytial virus A isolate 490103023, complete genome",2020,3,2020,11,3,"2019/2020","A"
"134","PP376289.1","Human respiratory syncytial virus A","UMC Utrecht, Paediatric Infectious Diseases","Netherlands","490102036","ssRNA(-)",15113,"complete","Germany",2019-03-11,"Human respiratory syncytial virus A isolate 490102036, complete genome",2019,3,2019,11,2,"2018/2019","A"
"135","PP376296.1","Human respiratory syncytial virus A","UMC Utrecht, Paediatric Infectious Diseases","Netherlands","490102002","ssRNA(-)",15222,"complete","Germany",2019-01-12,"Human respiratory syncytial virus A isolate 490102002, complete genome",2019,1,2019,2,7,"2018/2019","A"
"136","PP376340.1","Human respiratory syncytial virus A","UMC Utrecht, Paediatric Infectious Diseases","Netherlands","490103026","ssRNA(-)",15228,"complete","Germany",2020-03-16,"Human respiratory syncytial virus A isolate 490103026, complete genome",2020,3,2020,12,2,"2019/2020","A"
"137","PP376358.1","Human respiratory syncytial virus A","UMC Utrecht, Paediatric Infectious Diseases","Netherlands","490102023","ssRNA(-)",15223,"complete","Germany",2019-02-18,"Human respiratory syncytial virus A isolate 490102023, complete genome",2019,2,2019,8,2,"2018/2019","A"
"138","PP376362.1","Human respiratory syncytial virus A","UMC Utrecht, Paediatric Infectious Diseases","Netherlands","490103028","ssRNA(-)",15201,"complete","Germany",2020-03-18,"Human respiratory syncytial virus A isolate 490103028, complete genome",2020,3,2020,12,4,"2019/2020","A"
"139","PP376403.1","Human respiratory syncytial virus A","UMC Utrecht, Paediatric Infectious Diseases","Netherlands","490103020","ssRNA(-)",15230,"complete","Germany",2020-02-21,"Human respiratory syncytial virus A isolate 490103020, complete genome",2020,2,2020,8,6,"2019/2020","A"
"140","PP376414.1","Human respiratory syncytial virus A","UMC Utrecht, Paediatric Infectious Diseases","Netherlands","490103029","ssRNA(-)",15223,"complete","Germany",2020-03-23,"Human respiratory syncytial virus A isolate 490103029, complete genome",2020,3,2020,13,2,"2019/2020","A"
"141","PP376422.1","Human respiratory syncytial virus A","UMC Utrecht, Paediatric Infectious Diseases","Netherlands","490103016","ssRNA(-)",15230,"complete","Germany",2020-02-24,"Human respiratory syncytial virus A isolate 490103016, complete genome",2020,2,2020,9,2,"2019/2020","A"
"142","PP376423.1","Human respiratory syncytial virus A","UMC Utrecht, Paediatric Infectious Diseases","Netherlands","490103015","ssRNA(-)",15223,"complete","Germany",2020-02-24,"Human respiratory syncytial virus A isolate 490103015, complete genome",2020,2,2020,9,2,"2019/2020","A"
"143","PP376431.1","Human respiratory syncytial virus A","UMC Utrecht, Paediatric Infectious Diseases","Netherlands","490102029","ssRNA(-)",15223,"complete","Germany",2019-02-25,"Human respiratory syncytial virus A isolate 490102029, complete genome",2019,2,2019,9,2,"2018/2019","A"
"144","PP376457.1","Human respiratory syncytial virus A","UMC Utrecht, Paediatric Infectious Diseases","Netherlands","490103031","ssRNA(-)",15222,"complete","Germany",2020-03-27,"Human respiratory syncytial virus A isolate 490103031, complete genome",2020,3,2020,13,6,"2019/2020","A"
"145","PP376483.1","Human respiratory syncytial virus A","UMC Utrecht, Paediatric Infectious Diseases","Netherlands","490103007","ssRNA(-)",15220,"complete","Germany",2020-02-03,"Human respiratory syncytial virus A isolate 490103007, complete genome",2020,2,2020,6,2,"2019/2020","A"
"146","PP376525.1","Human respiratory syncytial virus A","UMC Utrecht, Paediatric Infectious Diseases","Netherlands","490103008","ssRNA(-)",15224,"complete","Germany",2020-02-05,"Human respiratory syncytial virus A isolate 490103008, complete genome",2020,2,2020,6,4,"2019/2020","A"
"147","PP376527.1","Human respiratory syncytial virus A","UMC Utrecht, Paediatric Infectious Diseases","Netherlands","490103001","ssRNA(-)",15228,"complete","Germany",2020-01-06,"Human respiratory syncytial virus A isolate 490103001, complete genome",2020,1,2020,2,2,"2019/2020","A"
"148","PP376554.1","Human respiratory syncytial virus A","UMC Utrecht, Paediatric Infectious Diseases","Netherlands","490103009","ssRNA(-)",15230,"complete","Germany",2020-02-09,"Human respiratory syncytial virus A isolate 490103009, complete genome",2020,2,2020,7,1,"2019/2020","A"
"149","PP376564.1","Human respiratory syncytial virus A","UMC Utrecht, Paediatric Infectious Diseases","Netherlands","490103003","ssRNA(-)",15219,"complete","Germany",2020-01-10,"Human respiratory syncytial virus A isolate 490103003, complete genome",2020,1,2020,2,6,"2019/2020","A"
"150","PP376568.1","Human respiratory syncytial virus A","UMC Utrecht, Paediatric Infectious Diseases","Netherlands","490103010","ssRNA(-)",15228,"complete","Germany",2020-02-10,"Human respiratory syncytial virus A isolate 490103010, complete genome",2020,2,2020,7,2,"2019/2020","A"
"151","PP376571.1","Human respiratory syncytial virus A","UMC Utrecht, Paediatric Infectious Diseases","Netherlands","490103022","ssRNA(-)",15228,"complete","Germany",2020-03-10,"Human respiratory syncytial virus A isolate 490103022, complete genome",2020,3,2020,11,3,"2019/2020","A"
"152","PP376585.1","Human respiratory syncytial virus A","UMC Utrecht, Paediatric Infectious Diseases","Netherlands","490103024","ssRNA(-)",15228,"complete","Germany",2020-03-11,"Human respiratory syncytial virus A isolate 490103024, complete genome",2020,3,2020,11,4,"2019/2020","A"
"153","PP376595.1","Human respiratory syncytial virus A","UMC Utrecht, Paediatric Infectious Diseases","Netherlands","490102018","ssRNA(-)",15223,"complete","Germany",2019-02-12,"Human respiratory syncytial virus A isolate 490102018, complete genome",2019,2,2019,7,3,"2018/2019","A"
"154","PP376596.1","Human respiratory syncytial virus A","UMC Utrecht, Paediatric Infectious Diseases","Netherlands","490103018","ssRNA(-)",15219,"complete","Germany",2020-03-12,"Human respiratory syncytial virus A isolate 490103018, complete genome",2020,3,2020,11,5,"2019/2020","A"
"155","PP376615.1","Human respiratory syncytial virus A","UMC Utrecht, Paediatric Infectious Diseases","Netherlands","490103012","ssRNA(-)",15222,"complete","Germany",2020-02-14,"Human respiratory syncytial virus A isolate 490103012, complete genome",2020,2,2020,7,6,"2019/2020","A"
"156","PP376616.1","Human respiratory syncytial virus A","UMC Utrecht, Paediatric Infectious Diseases","Netherlands","490103014","ssRNA(-)",15222,"complete","Germany",2020-02-14,"Human respiratory syncytial virus A isolate 490103014, complete genome",2020,2,2020,7,6,"2019/2020","A"
"157","PP376625.1","Human respiratory syncytial virus A","UMC Utrecht, Paediatric Infectious Diseases","Netherlands","490103019","ssRNA(-)",15223,"complete","Germany",2020-02-15,"Human respiratory syncytial virus A isolate 490103019, complete genome",2020,2,2020,7,7,"2019/2020","A"
"158","PP376637.1","Human respiratory syncytial virus A","UMC Utrecht, Paediatric Infectious Diseases","Netherlands","490103025","ssRNA(-)",15223,"complete","Germany",2020-03-16,"Human respiratory syncytial virus A isolate 490103025, complete genome",2020,3,2020,12,2,"2019/2020","A"
"159","PP376639.1","Human respiratory syncytial virus A","UMC Utrecht, Paediatric Infectious Diseases","Netherlands","490102008","ssRNA(-)",15223,"complete","Germany",2019-01-17,"Human respiratory syncytial virus A isolate 490102008, complete genome",2019,1,2019,3,5,"2018/2019","A"
"160","PP376646.1","Human respiratory syncytial virus A","UMC Utrecht, Paediatric Infectious Diseases","Netherlands","490103027","ssRNA(-)",15228,"complete","Germany",2020-03-17,"Human respiratory syncytial virus A isolate 490103027, complete genome",2020,3,2020,12,3,"2019/2020","A"
"161","PP376657.1","Human respiratory syncytial virus A","UMC Utrecht, Paediatric Infectious Diseases","Netherlands","490102024","ssRNA(-)",15203,"complete","Germany",2019-02-18,"Human respiratory syncytial virus A isolate 490102024, complete genome",2019,2,2019,8,2,"2018/2019","A"
"162","PP376684.1","Human respiratory syncytial virus A","UMC Utrecht, Paediatric Infectious Diseases","Netherlands","490103004","ssRNA(-)",15221,"complete","Germany",2020-01-20,"Human respiratory syncytial virus A isolate 490103004, complete genome",2020,1,2020,4,2,"2019/2020","A"
"163","PP376714.1","Human respiratory syncytial virus A","UMC Utrecht, Paediatric Infectious Diseases","Netherlands","490103032","ssRNA(-)",15228,"complete","Germany",2020-03-23,"Human respiratory syncytial virus A isolate 490103032, complete genome",2020,3,2020,13,2,"2019/2020","A"
"164","PP376767.1","Human respiratory syncytial virus A","UMC Utrecht, Paediatric Infectious Diseases","Netherlands","490103005","ssRNA(-)",15224,"complete","Germany",2020-01-29,"Human respiratory syncytial virus A isolate 490103005, complete genome",2020,1,2020,5,4,"2019/2020","A"
"165","PP376782.1","Human respiratory syncytial virus A","UMC Utrecht, Paediatric Infectious Diseases","Netherlands","490103006","ssRNA(-)",15227,"complete","Germany",2020-01-30,"Human respiratory syncytial virus A isolate 490103006, complete genome",2020,1,2020,5,5,"2019/2020","A"
"166","PP376785.1","Human respiratory syncytial virus A","UMC Utrecht, Paediatric Infectious Diseases","Netherlands","490103033","ssRNA(-)",15223,"complete","Germany",2020-03-30,"Human respiratory syncytial virus A isolate 490103033, complete genome",2020,3,2020,14,2,"2019/2020","A"
"167","PP376789.1","Human respiratory syncytial virus A","UMC Utrecht, Paediatric Infectious Diseases","Netherlands","490103035","ssRNA(-)",15197,"complete","Germany",2020-03-31,"Human respiratory syncytial virus A isolate 490103035, complete genome",2020,3,2020,14,3,"2019/2020","A"
"168","PP376797.1","Human respiratory syncytial virus A","UMC Utrecht, Paediatric Infectious Diseases","Netherlands","490103017","ssRNA(-)",15230,"complete","Germany",2020-03-04,"Human respiratory syncytial virus A isolate 490103017, complete genome",2020,3,2020,10,4,"2019/2020","A"
"273","PP376861.1","Human respiratory syncytial virus B","UMC Utrecht, Paediatric Infectious Diseases","Netherlands","490102033","ssRNA(-)",15223,"complete","Germany",2019-03-11,"Human respiratory syncytial virus B isolate 490102033, complete genome",2019,3,2019,11,2,"2018/2019","B"
"274","PP376867.1","Human respiratory syncytial virus B","UMC Utrecht, Paediatric Infectious Diseases","Netherlands","490102003","ssRNA(-)",15222,"complete","Germany",2019-01-12,"Human respiratory syncytial virus B isolate 490102003, complete genome",2019,1,2019,2,7,"2018/2019","B"
"275","PP376886.1","Human respiratory syncytial virus B","UMC Utrecht, Paediatric Infectious Diseases","Netherlands","490102001","ssRNA(-)",15222,"complete","Germany",2019-01-14,"Human respiratory syncytial virus B isolate 490102001, complete genome",2019,1,2019,3,2,"2018/2019","B"
"276","PP376907.1","Human respiratory syncytial virus B","UMC Utrecht, Paediatric Infectious Diseases","Netherlands","490102006","ssRNA(-)",15222,"complete","Germany",2019-01-16,"Human respiratory syncytial virus B isolate 490102006, complete genome",2019,1,2019,3,4,"2018/2019","B"
"277","PP376908.1","Human respiratory syncytial virus B","UMC Utrecht, Paediatric Infectious Diseases","Netherlands","490102005","ssRNA(-)",15222,"complete","Germany",2019-01-16,"Human respiratory syncytial virus B isolate 490102005, complete genome",2019,1,2019,3,4,"2018/2019","B"
"278","PP376960.1","Human respiratory syncytial virus B","UMC Utrecht, Paediatric Infectious Diseases","Netherlands","490102015","ssRNA(-)",15222,"complete","Germany",2019-02-02,"Human respiratory syncytial virus B isolate 490102015, complete genome",2019,2,2019,5,7,"2018/2019","B"
"279","PP376985.1","Human respiratory syncytial virus B","UMC Utrecht, Paediatric Infectious Diseases","Netherlands","490102009","ssRNA(-)",15223,"complete","Germany",2019-01-21,"Human respiratory syncytial virus B isolate 490102009, complete genome",2019,1,2019,4,2,"2018/2019","B"
"280","PP376996.1","Human respiratory syncytial virus B","UMC Utrecht, Paediatric Infectious Diseases","Netherlands","490102030","ssRNA(-)",15222,"complete","Germany",2019-02-22,"Human respiratory syncytial virus B isolate 490102030, complete genome",2019,2,2019,8,6,"2018/2019","B"
"281","PP376997.1","Human respiratory syncytial virus B","UMC Utrecht, Paediatric Infectious Diseases","Netherlands","490102028","ssRNA(-)",15222,"complete","Germany",2019-02-22,"Human respiratory syncytial virus B isolate 490102028, complete genome",2019,2,2019,8,6,"2018/2019","B"
"282","PP376998.1","Human respiratory syncytial virus B","UMC Utrecht, Paediatric Infectious Diseases","Netherlands","490102027","ssRNA(-)",15222,"complete","Germany",2019-02-22,"Human respiratory syncytial virus B isolate 490102027, complete genome",2019,2,2019,8,6,"2018/2019","B"
"283","PP377026.1","Human respiratory syncytial virus B","UMC Utrecht, Paediatric Infectious Diseases","Netherlands","490102019","ssRNA(-)",15222,"complete","Germany",2019-01-25,"Human respiratory syncytial virus B isolate 490102019, complete genome",2019,1,2019,4,6,"2018/2019","B"
"284","PP377029.1","Human respiratory syncytial virus B","UMC Utrecht, Paediatric Infectious Diseases","Netherlands","490102037","ssRNA(-)",15223,"complete","Germany",2019-03-25,"Human respiratory syncytial virus B isolate 490102037, complete genome",2019,3,2019,13,2,"2018/2019","B"
"285","PP377040.1","Human respiratory syncytial virus B","UMC Utrecht, Paediatric Infectious Diseases","Netherlands","490103021","ssRNA(-)",15223,"complete","Germany",2020-02-26,"Human respiratory syncytial virus B isolate 490103021, complete genome",2020,2,2020,9,4,"2019/2020","B"
"286","PP377052.1","Human respiratory syncytial virus B","UMC Utrecht, Paediatric Infectious Diseases","Netherlands","490102031","ssRNA(-)",15222,"complete","Germany",2019-02-27,"Human respiratory syncytial virus B isolate 490102031, complete genome",2019,2,2019,9,4,"2018/2019","B"
"287","PP377086.1","Human respiratory syncytial virus B","UMC Utrecht, Paediatric Infectious Diseases","Netherlands","490102013","ssRNA(-)",15223,"complete","Germany",2019-01-30,"Human respiratory syncytial virus B isolate 490102013, complete genome",2019,1,2019,5,4,"2018/2019","B"
"288","PP377115.1","Human respiratory syncytial virus B","UMC Utrecht, Paediatric Infectious Diseases","Netherlands","490102016","ssRNA(-)",15222,"complete","Germany",2019-02-05,"Human respiratory syncytial virus B isolate 490102016, complete genome",2019,2,2019,6,3,"2018/2019","B"
"289","PP377134.1","Human respiratory syncytial virus B","UMC Utrecht, Paediatric Infectious Diseases","Netherlands","490102032","ssRNA(-)",15223,"complete","Germany",2019-03-07,"Human respiratory syncytial virus B isolate 490102032, complete genome",2019,3,2019,10,5,"2018/2019","B"
"290","PP377162.1","Human respiratory syncytial virus B","UMC Utrecht, Paediatric Infectious Diseases","Netherlands","490103011","ssRNA(-)",15221,"complete","Germany",2020-02-10,"Human respiratory syncytial virus B isolate 490103011, complete genome",2020,2,2020,7,2,"2019/2020","B"
"291","PP377172.1","Human respiratory syncytial virus B","UMC Utrecht, Paediatric Infectious Diseases","Netherlands","490102011","ssRNA(-)",15223,"complete","Germany",2019-02-11,"Human respiratory syncytial virus B isolate 490102011, complete genome",2019,2,2019,7,2,"2018/2019","B"
"292","PP377173.1","Human respiratory syncytial virus B","UMC Utrecht, Paediatric Infectious Diseases","Netherlands","490102012","ssRNA(-)",15223,"complete","Germany",2019-02-11,"Human respiratory syncytial virus B isolate 490102012, complete genome",2019,2,2019,7,2,"2018/2019","B"
"293","PP377190.1","Human respiratory syncytial virus B","UMC Utrecht, Paediatric Infectious Diseases","Netherlands","490102020","ssRNA(-)",15223,"complete","Germany",2019-02-12,"Human respiratory syncytial virus B isolate 490102020, complete genome",2019,2,2019,7,3,"2018/2019","B"
"294","PP377202.1","Human respiratory syncytial virus B","UMC Utrecht, Paediatric Infectious Diseases","Netherlands","490102021","ssRNA(-)",15222,"complete","Germany",2019-02-13,"Human respiratory syncytial virus B isolate 490102021, complete genome",2019,2,2019,7,4,"2018/2019","B"
"295","PP377208.1","Human respiratory syncytial virus B","UMC Utrecht, Paediatric Infectious Diseases","Netherlands","490102004","ssRNA(-)",15223,"complete","Germany",2019-01-14,"Human respiratory syncytial virus B isolate 490102004, complete genome",2019,1,2019,3,2,"2018/2019","B"
"296","PP377214.1","Human respiratory syncytial virus B","UMC Utrecht, Paediatric Infectious Diseases","Netherlands","490102022","ssRNA(-)",15222,"complete","Germany",2019-02-14,"Human respiratory syncytial virus B isolate 490102022, complete genome",2019,2,2019,7,5,"2018/2019","B"
"297","PP377216.1","Human respiratory syncytial virus B","UMC Utrecht, Paediatric Infectious Diseases","Netherlands","490102035","ssRNA(-)",15222,"complete","Germany",2019-03-14,"Human respiratory syncytial virus B isolate 490102035, complete genome",2019,3,2019,11,5,"2018/2019","B"
"298","PP377262.1","Human respiratory syncytial virus B","UMC Utrecht, Paediatric Infectious Diseases","Netherlands","490102007","ssRNA(-)",15222,"complete","Germany",2019-01-18,"Human respiratory syncytial virus B isolate 490102007, complete genome",2019,1,2019,3,6,"2018/2019","B"
"299","PP377330.1","Human respiratory syncytial virus B","UMC Utrecht, Paediatric Infectious Diseases","Netherlands","490102026","ssRNA(-)",15223,"complete","Germany",2019-02-22,"Human respiratory syncytial virus B isolate 490102026, complete genome",2019,2,2019,8,6,"2018/2019","B"
"300","PP377331.1","Human respiratory syncytial virus B","UMC Utrecht, Paediatric Infectious Diseases","Netherlands","490102025","ssRNA(-)",15221,"complete","Germany",2019-02-22,"Human respiratory syncytial virus B isolate 490102025, complete genome",2019,2,2019,8,6,"2018/2019","B"
"301","PP377336.1","Human respiratory syncytial virus B","UMC Utrecht, Paediatric Infectious Diseases","Netherlands","490102010","ssRNA(-)",15222,"complete","Germany",2019-01-23,"Human respiratory syncytial virus B isolate 490102010, complete genome",2019,1,2019,4,4,"2018/2019","B"
"302","PP377424.1","Human respiratory syncytial virus B","UMC Utrecht, Paediatric Infectious Diseases","Netherlands","490102014","ssRNA(-)",15224,"complete","Germany",2019-01-31,"Human respiratory syncytial virus B isolate 490102014, complete genome",2019,1,2019,5,5,"2018/2019","B"
"303","PP377448.1","Human respiratory syncytial virus B","UMC Utrecht, Paediatric Infectious Diseases","Netherlands","490102017","ssRNA(-)",15222,"complete","Germany",2019-02-05,"Human respiratory syncytial virus B isolate 490102017, complete genome",2019,2,2019,6,3,"2018/2019","B"
